order_id,date,product,category,region,sales,profit
1649,2023-01-01,LED Monitor,Electronics,West,207.12,74.41
1980,2023-01-01,LED Monitor,Electronics,West,61.41,17.56
2138,2023-01-01,Power Bank,Electronics,North,512.25,32.13
3035,2023-01-01,Sticky Notes,Stationery,North,91.29,30.42
2978,2023-01-01,Wireless Mouse,Electronics,East,168.35,23.24
1756,2023-01-01,Jeans,Clothing,South,155.69,39.25
3136,2023-01-02,Notebook Pack,Stationery,West,224.79,85.91
1269,2023-01-02,Whiteboard,Stationery,West,228.73,52.86
2916,2023-01-02,Sneakers,Clothing,East,140.81,-2.1
1069,2023-01-02,Wireless Mouse,Electronics,South,98.78,8.78
2802,2023-01-02,Study Table,Furniture,East,129.31,4.98
1213,2023-01-02,Study Table,Furniture,South,120.74,32.36
2551,2023-01-03,Sneakers,Clothing,East,85.2,25.91
2493,2023-01-03,Wireless Mouse,Electronics,West,80.35,9.27
3090,2023-01-03,T-Shirt,Clothing,West,190.28,24.26
1884,2023-01-03,Power Bank,Electronics,East,235.66,59.3
2301,2023-01-04,Sneakers,Clothing,North,428.7,37.94
1956,2023-01-04,Sofa,Furniture,East,283.49,52.61
1834,2023-01-05,Bookshelf,Furniture,south,99.05,15.59
1722,2023-01-05,LED Monitor,Electronics,South,93.52,21.23
2025,2023-01-05,Jacket,Clothing,North,212.93,48.41
1133,2023-01-05,Wireless Mouse,Electronics,East,256.45,34.21
1421,2023-01-05,Bookshelf,Furniture,South,67.74,12.02
1952,2023-01-06,Bookshelf,Furniture,East,112.15,6.41
2619,2023-01-07,Sticky Notes,Stationery,South,362.69,71.66
3347,2023-01-07,Pen Set,Stationery,South,175.29,53.44
2252,2023-01-07,LED Monitor,Electronics,North,232.75,71.95
2688,2023-01-07,Sticky Notes,Stationery,West,250.78,27.31
2835,2023-01-07,LED Monitor,Electronics,West,323.81,41.28
1883,2023-01-07,Bookshelf,Furniture,West,247.2,42.05
1694,2023-01-08,T-Shirt,Clothing,East,180.29,30.19
3012,2023-01-08,Office Chair,Furniture,North,691.6,-19.51
3514,2023-01-08,T-Shirt,Clothing,West,148.9,14.29
2228,2023-01-08,Sticky Notes,Stationery,East,114.39,
3942,2023-01-08,Jacket,Clothing,East,70.13,14.29
1863,2023-01-08,Jacket,Clothing,South,89.45,31.25
1599,2023-01-09,Bluetooth Speaker,Electronics,East,103.74,14.35
2819,2023-01-09,Sofa,Furniture,North,286.28,8.13
1276,2023-01-09,Whiteboard,Stationery,West,173.14,59.46
2943,2023-01-10,Pen Set,Stationery,East,167.51,43.09
1719,2023-01-10,Study Table,Furniture,North,81.91,15.58
3666,2023-01-10,Sneakers,Clothing,South,193.84,26.4
1990,2023-01-10,Whiteboard,Stationery,West,120.14,29.07
3499,2023-01-10,Sneakers,Clothing,East,213.65,71.32
3170,2023-01-10,Office Chair,Furniture,South,99.9,10.96
2100,2023-01-11,Sofa,Furniture,West,248.24,10.66
2347,2023-01-11,Notebook Pack,Stationery,east,141.76,33.11
2516,2023-01-11,Whiteboard,Stationery,South,217.3,44.63
2779,2023-01-11,T-Shirt,Clothing,West,178.06,52.52
3282,2023-01-12,Sofa,Furniture,West,114.23,15.32
3681,2023-01-12,Power Bank,Electronics,West,163.83,30.32
2401,2023-01-12,Pen Set,Stationery,East,179.02,40.4
1513,2023-01-12,Bookshelf,Furniture,South,168.4,24.01
3378,2023-01-12,Bluetooth Speaker,Electronics,East,284.26,64.91
2847,2023-01-12,T-Shirt,Clothing,West,686.13,203.53
2987,2023-01-12,Sneakers,Clothing,North,240.08,44.92
1688,2023-01-12,T-Shirt,Clothing,South,132.6,27.89
3099,2023-01-12,Power Bank,Electronics,West,234.1,38.09
3334,2023-01-12,Wireless Mouse,Electronics,South,99.9,12.75
1994,2023-01-13,Study Table,Furniture,South,140.54,30.13
3673,2023-01-13,Jeans,Clothing,East,297.04,83.26
3455,2023-01-13,Bookshelf,Furniture,West,638.31,115.48
2846,2023-01-14,LED Monitor,Electronics,North,281.01,74.75
3683,2023-01-14,Bookshelf,Furniture,West,288.25,36.8
1054,2023-01-14,Whiteboard,Stationery,East,69.46,19.51
2924,2023-01-14,Sticky Notes,Stationery,South,115.62,57.87
2084,2023-01-15,T-Shirt,Clothing,South,112.41,31.56
1098,2023-01-15,Pen Set,Stationery,South,175.11,37.53
1890,2023-01-15,Wireless Mouse,Electronics,West,159.19,43.67
2060,2023-01-15,Power Bank,Electronics,West,299.14,87.94
1139,2023-01-15,Office Chair,Furniture,North,120.53,6.13
3978,2023-01-16,Notebook Pack,Stationery,East,111.45,24.58
2463,2023-01-16,Pen Set,Stationery,West,434.3,82.8
2423,2023-01-16,Bluetooth Speaker,Electronics,South,268.46,72.63
1491,2023-01-16,Pen Set,Stationery,West,205.54,46.11
1341,2023-01-17,Study Table,Furniture,North,163.24,36.47
2377,2023-01-17,Jacket,Clothing,South,134.02,13.96
3489,2023-01-17,Bookshelf,Furniture,East,129.53,17.83
2670,2023-01-17,Jacket,Clothing,South,130.88,27.49
2315,2023-01-17,Notebook Pack,Stationery,North,244.65,58.54
2644,2023-01-17,Office Chair,Furniture,North,146.66,4.77
3525,2023-01-17,Power Bank,Electronics,West,181.44,8.98
2397,2023-01-17,Study Table,Furniture,West,163.98,16.84
2205,2023-01-18,Sofa,Furniture,west,180.83,13.1
1366,2023-01-18,Sofa,Furniture,North,241.97,52.35
3738,2023-01-19,Jacket,Clothing,North,556.24,205.58
2204,2023-01-19,Bookshelf,Furniture,West,258.71,43.08
1560,2023-01-19,Bluetooth Speaker,Electronics,West,123.13,30.21
3642,2023-01-19,Office Chair,Furniture,South,226.4,30.35
3063,2023-01-19,Wireless Mouse,Electronics,South,73.9,16.34
2976,2023-01-20,Notebook Pack,Stationery,West,229.21,68.48
2543,2023-01-20,Sneakers,Clothing,West,189.25,32.89
1391,2023-01-20,Wireless Mouse,Electronics,West,433.75,77.16
3708,2023-01-20,Jeans,Clothing,South,74.61,18.84
3688,2023-01-20,LED Monitor,Electronics,East,542.27,21.04
3698,2023-01-20,LED Monitor,Electronics,West,109.18,18.09
3483,2023-01-21,Sneakers,Clothing,South,386.06,45.08
2908,2023-01-21,Jeans,Clothing,North,79.8,17.33
1048,2023-01-21,LED Monitor,Electronics,North,398.0,60.03
3848,2023-01-21,LED Monitor,Electronics,North,304.21,60.05
2717,2023-01-21,Notebook Pack,Stationery,North,156.74,16.77
1007,2023-01-21,Wireless Mouse,Electronics,East,64.27,6.04
3110,2023-01-21,Jeans,Clothing,East,436.33,76.18
2841,2023-01-22,Whiteboard,Stationery,North,411.06,117.67
1320,2023-01-22,Jeans,Clothing,South,262.52,57.02
2674,2023-01-22,Sticky Notes,Stationery,East,128.11,41.27
1030,2023-01-22,T-Shirt,Clothing,West,309.04,51.12
3886,2023-01-22,Notebook Pack,Stationery,North,134.26,20.7
2710,2023-01-22,Jacket,Clothing,East,155.95,55.5
3643,2023-01-23,Bluetooth Speaker,Electronics,North,96.63,6.85
1746,2023-01-23,Wireless Mouse,Electronics,North,644.52,135.51
2105,2023-01-23,Jacket,Clothing,East,273.32,65.59
1481,2023-01-23,Jacket,Clothing,West,329.76,42.24
2042,2023-01-23,Study Table,Furniture,South,253.74,7.78
2880,2023-01-24,Power Bank,Electronics,West,90.96,10.9
1906,2023-01-25,Jeans,Clothing,South,473.15,113.22
2383,2023-01-25,Office Chair,Furniture,East,212.81,14.2
3369,2023-01-25,Office Chair,Furniture,West,74.32,5.25
1578,2023-01-25,LED Monitor,Electronics,West,106.34,13.12
2165,2023-01-25,T-Shirt,Clothing,West,440.05,51.62
1861,2023-01-26,Sticky Notes,Stationery,East,524.2,88.93
3168,2023-01-26,Sofa,Furniture,West,259.86,50.12
1966,2023-01-26,Pen Set,Stationery,East,430.01,152.63
3923,2023-01-26,Whiteboard,Stationery,West,169.68,15.3
2742,2023-01-27,Sneakers,Clothing,North,179.68,64.09
2323,2023-01-27,T-Shirt,Clothing,North,266.88,50.8
1328,2023-01-27,Bluetooth Speaker,Electronics,South,171.38,20.56
1164,2023-01-28,Bluetooth Speaker,Electronics,North,136.32,29.84
1874,2023-01-28,Sofa,Furniture,East,279.23,-3.45
1117,2023-01-28,Bluetooth Speaker,Electronics,East,71.9,14.95
3872,2023-01-28,Sofa,Furniture,North,184.5,-0.58
2930,2023-01-28,Sneakers,Clothing,East,226.07,10.78
1894,2023-01-28,T-Shirt,Clothing,North,276.26,101.08
2689,2023-01-29,Study Table,Furniture,West,75.37,15.62
3497,2023-01-29,Notebook Pack,Stationery,South,124.84,36.35
2344,2023-01-29,Notebook Pack,Stationery,North,333.24,57.57
2304,2023-01-29,Jeans,Clothing,West,105.33,18.52
2478,2023-01-29,Jacket,Clothing,North,148.5,13.76
1613,2023-01-29,Sticky Notes,Stationery,North,391.68,103.18
2126,2023-01-29,LED Monitor,Electronics,South,165.78,49.28
3645,2023-01-30,Bluetooth Speaker,Electronics,West,377.8,101.73
2622,2023-01-31,Study Table,Furniture,East,188.76,19.38
3905,2023-02-01,Office Chair,Furniture,South,59.31,4.36
2195,2023-02-01,Sneakers,Clothing,West,187.65,20.58
1315,2023-02-02,Study Table,Furniture,South,200.21,15.77
2690,2023-02-02,Notebook Pack,Stationery,East,395.22,119.77
1120,2023-02-02,Jacket,Clothing,East,135.11,19.86
1917,2023-02-03,Jeans,Clothing,South,87.35,15.28
1763,2023-02-03,Sticky Notes,Stationery,North,266.22,38.59
2314,2023-02-03,Whiteboard,Stationery,West,241.09,61.64
2980,2023-02-04,Sneakers,Clothing,West,163.27,26.29
1064,2023-02-04,T-Shirt,Clothing,West,90.11,16.87
2872,2023-02-04,Sneakers,Clothing,East,288.73,36.88
1518,2023-02-04,Office Chair,Furniture,South,150.82,24.36
3154,2023-02-05,Pen Set,Stationery,North,75.99,15.78
1153,2023-02-05,Study Table,Furniture,North,84.01,13.83
1389,2023-02-05,T-Shirt,Clothing,South,128.29,30.36
3235,2023-02-05,Jeans,Clothing,East,148.16,19.34
1274,2023-02-06,Bluetooth Speaker,Electronics,East,91.29,17.25
1547,2023-02-06,Bluetooth Speaker,Electronics,West,252.92,68.4
2582,2023-02-06,Study Table,Furniture,South,263.6,30.72
1350,2023-02-06,Sticky Notes,Stationery,West,204.56,
2662,2023-02-06,Office Chair,Furniture,West,110.14,3.08
1322,2023-02-07,LED Monitor,Electronics,East,93.99,6.57
2576,2023-02-07,Wireless Mouse,Electronics,North,181.14,61.88
3705,2023-02-07,Bookshelf,Furniture,North,187.71,23.61
1637,2023-02-08,Office Chair,Furniture,North,94.94,26.06
2703,2023-02-08,Jacket,Clothing,South,237.44,50.51
2455,2023-02-08,Bookshelf,Furniture,North,168.15,5.6
2384,2023-02-08,Notebook Pack,Stationery,North,211.04,34.57
2051,2023-02-08,Pen Set,Stationery,South,298.46,12.66
1382,2023-02-08,Pen Set,Stationery,South,302.81,53.46
2998,2023-02-08,Sneakers,Clothing,South,71.45,6.26
3147,2023-02-08,Whiteboard,Stationery,North,97.14,22.05
1896,2023-02-08,Sneakers,Clothing,South,170.2,50.71
1585,2023-02-08,Wireless Mouse,Electronics,East,97.97,17.63
3599,2023-02-08,Whiteboard,Stationery,South,162.51,13.62
2477,2023-02-08,Power Bank,Electronics,West,150.6,32.64
2587,2023-02-09,T-Shirt,Clothing,North,133.33,15.19
1948,2023-02-09,Bookshelf,Furniture,South,112.06,6.21
3964,2023-02-09,Office Chair,Furniture,West,86.25,7.99
2597,2023-02-09,LED Monitor,Electronics,South,114.06,19.07
2596,2023-02-09,Notebook Pack,Stationery,East,316.96,19.34
2570,2023-02-09,Power Bank,Electronics,North,177.39,58.6
1704,2023-02-10,Bluetooth Speaker,Electronics,North,252.32,24.29
1096,2023-02-10,Jacket,Clothing,West,220.3,47.46
2313,2023-02-10,Power Bank,Electronics,South,434.48,86.72
1116,2023-02-10,LED Monitor,Electronics,South,50.39,18.76
2311,2023-02-11,Office Chair,Furniture,West,134.56,29.91
2382,2023-02-11,Study Table,Furniture,East,328.59,35.8
1588,2023-02-11,Study Table,Furniture,East,25.08,-0.66
3337,2023-02-11,T-Shirt,Clothing,West,29.94,-0.01
2032,2023-02-11,Study Table,Furniture,East,299.72,39.63
1509,2023-02-12,Notebook Pack,Stationery,West,76.84,11.91
3873,2023-02-12,T-Shirt,Clothing,South,142.21,27.5
1815,2023-02-12,Bluetooth Speaker,Electronics,South,212.64,63.64
3389,2023-02-12,T-Shirt,Clothing,West,262.53,92.38
3104,2023-02-12,Pen Set,Stationery,North,248.25,63.64
3518,2023-02-12,Power Bank,Electronics,West,73.47,6.1
3631,2023-02-13,Sneakers,Clothing,East,361.65,49.86
2396,2023-02-13,Sticky Notes,Stationery,South,137.25,30.97
3927,2023-02-13,T-Shirt,Clothing,East,145.41,23.98
1346,2023-02-15,Study Table,Furniture,North,145.66,31.32
2791,2023-02-15,T-Shirt,Clothing,North,132.17,37.41
2640,2023-02-15,Study Table,Furniture,East,113.56,17.68
1845,2023-02-15,Jacket,Clothing,East,112.62,13.8
2421,2023-02-16,Study Table,Furniture,South,237.18,42.34
1676,2023-02-16,Study Table,Furniture,West,165.45,33.47
1851,2023-02-16,Bluetooth Speaker,Electronics,North,199.94,41.22
3757,2023-02-16,Power Bank,Electronics,East,209.48,46.71
2089,2023-02-16,Sofa,Furniture,North,113.18,9.85
1425,2023-02-16,Whiteboard,Stationery,North,38.76,8.71
1468,2023-02-16,LED Monitor,Electronics,West,245.69,60.1
2538,2023-02-16,Pen Set,Stationery,North,61.19,19.09
1858,2023-02-17,Whiteboard,Stationery,East,91.64,25.21
1121,2023-02-17,LED Monitor,Electronics,South,54.66,1.69
3178,2023-02-18,Power Bank,Electronics,West,223.46,25.94
3783,2023-02-18,Jacket,Clothing,North,735.72,174.79
1339,2023-02-18,Bookshelf,Furniture,East,185.81,-7.22
2177,2023-02-18,Study Table,Furniture,North,115.63,19.09
3771,2023-02-19,Jeans,Clothing,East,188.47,38.41
3182,2023-02-19,Jacket,Clothing,West,207.18,64.45
3118,2023-02-20,Office Chair,Furniture,West,122.05,21.12
1832,2023-02-20,Power Bank,Electronics,East,95.58,11.55
2125,2023-02-20,Jacket,Clothing,North,264.77,48.82
1401,2023-02-20,Pen Set,Stationery,North,212.91,35.84
1757,2023-02-20,Power Bank,Electronics,West,208.66,32.45
2236,2023-02-20,T-Shirt,Clothing,West,270.1,62.14
1418,2023-02-22,Wireless Mouse,Electronics,East,356.5,64.01
1811,2023-02-22,Sticky Notes,Stationery,West,284.19,73.69
2276,2023-02-22,Bluetooth Speaker,Electronics,South,114.79,29.14
3039,2023-02-22,Wireless Mouse,Electronics,East,81.0,31.96
1222,2023-02-22,Study Table,Furniture,West,123.03,30.36
1091,2023-02-22,Bookshelf,Furniture,South,467.71,10.55
1414,2023-02-23,Whiteboard,Stationery,West,154.24,60.35
2537,2023-02-23,T-Shirt,Clothing,South,111.45,25.95
1775,2023-02-23,Pen Set,Stationery,South,152.76,37.34
1284,2023-02-23,Bookshelf,Furniture,South,307.12,4.93
2232,2023-02-23,Jeans,Clothing,North,117.58,11.94
3281,2023-02-24,Wireless Mouse,Electronics,South,118.86,16.08
2355,2023-02-24,Bookshelf,Furniture,West,294.89,56.36
3719,2023-02-24,Sneakers,Clothing,East,143.74,48.58
2217,2023-02-24,Notebook Pack,Stationery,South,281.95,63.96
2223,2023-02-24,T-Shirt,Clothing,South,182.64,30.28
1855,2023-02-25,Sticky Notes,Stationery,South,414.49,106.25
1870,2023-02-25,Bookshelf,Furniture,South,158.25,27.28
3403,2023-02-25,Wireless Mouse,Electronics,West,408.02,73.93
3707,2023-02-26,Jacket,Clothing,East,312.81,110.16
3888,2023-02-26,Whiteboard,Stationery,East,249.08,66.76
3922,2023-02-27,Jeans,Clothing,North,86.75,4.91
1644,2023-02-27,Office Chair,Furniture,East,237.08,3.99
1436,2023-02-27,LED Monitor,Electronics,North,249.59,9.9
1443,2023-02-27,Power Bank,Electronics,West,172.31,19.96
1660,2023-02-27,Sofa,Furniture,South,182.47,-3.09
3256,2023-02-27,Sofa,Furniture,South,104.39,9.48
1034,2023-02-28,Office Chair,Furniture,East,392.46,51.62
2285,2023-02-28,Sneakers,Clothing,East,137.29,35.01
2869,2023-02-28,Whiteboard,Stationery,North,219.17,60.07
2983,2023-02-28,LED Monitor,Electronics,East,92.76,17.9
3727,2023-03-01,Sofa,Furniture,East,460.49,66.24
3392,2023-03-01,T-Shirt,Clothing,South,160.33,28.97
2735,2023-03-01,Notebook Pack,Stationery,East,210.31,52.83
3186,2023-03-01,Jeans,Clothing,West,338.69,80.63
1830,2023-03-02,Study Table,Furniture,South,324.07,54.18
2380,2023-03-02,Office Chair,Furniture,South,138.37,28.79
2509,2023-03-02,Sneakers,Clothing,West,369.68,100.76
1554,2023-03-03,Whiteboard,Stationery,West,138.79,33.07
2517,2023-03-03,Office Chair,Furniture,South,270.94,29.43
2548,2023-03-03,Notebook Pack,Stationery,East,359.67,145.67
2185,2023-03-04,Jeans,Clothing,South,436.1,80.6
3429,2023-03-04,Wireless Mouse,Electronics,East,82.5,9.02
1105,2023-03-04,Sticky Notes,Stationery,East,105.44,36.71
1731,2023-03-04,Notebook Pack,Stationery,North,77.92,24.96
2172,2023-03-04,LED Monitor,Electronics,South,109.58,2.19
2767,2023-03-05,Bookshelf,Furniture,South,86.98,10.51
3454,2023-03-06,Power Bank,Electronics,West,101.43,12.77
3077,2023-03-06,LED Monitor,Electronics,West,152.22,32.57
1099,2023-03-06,Bookshelf,Furniture,East,478.5,100.16
1725,2023-03-06,Notebook Pack,Stationery,East,138.79,38.02
2931,2023-03-07,Sticky Notes,Stationery,North,291.17,57.63
3925,2023-03-07,Sticky Notes,Stationery,North,111.51,37.7
3671,2023-03-07,Pen Set,Stationery,North,131.13,25.44
3889,2023-03-07,Sofa,Furniture,South,178.38,22.07
1909,2023-03-08,Wireless Mouse,Electronics,East,139.58,8.1
3346,2023-03-08,Wireless Mouse,Electronics,East,192.8,37.42
3254,2023-03-08,Bookshelf,Furniture,South,225.32,23.53
3911,2023-03-09,Jacket,Clothing,North,300.67,35.99
1809,2023-03-10,Whiteboard,Stationery,East,132.35,29.34
1467,2023-03-10,Sofa,Furniture,West,107.69,16.23
1575,2023-03-10,Wireless Mouse,Electronics,West,75.01,17.2
2359,2023-03-10,Sofa,Furniture,East,181.48,-0.68
2098,2023-03-10,LED Monitor,Electronics,West,213.66,29.97
3041,2023-03-10,Sticky Notes,Stationery,West,419.87,147.8
3690,2023-03-11,Jeans,Clothing,East,497.56,108.11
1628,2023-03-11,Notebook Pack,Stationery,South,615.67,128.47
3832,2023-03-11,Power Bank,Electronics,South,141.21,38.46
3241,2023-03-11,Power Bank,Electronics,South,131.02,25.12
2770,2023-03-13,Bookshelf,Furniture,South,144.54,0.5
1005,2023-03-13,LED Monitor,Electronics,West,129.88,25.85
3949,2023-03-13,T-Shirt,Clothing,North,163.09,43.3
1766,2023-03-13,Bluetooth Speaker,Electronics,North,379.21,96.7
3238,2023-03-14,Pen Set,Stationery,North,109.18,19.57
3349,2023-03-14,Jeans,Clothing,South,343.41,81.38
2374,2023-03-14,Bluetooth Speaker,Electronics,North,119.88,42.95
1849,2023-03-14,LED Monitor,Electronics,West,87.51,16.28
2820,2023-03-14,T-Shirt,Clothing,North,280.79,65.03
3784,2023-03-15,Jeans,Clothing,South,155.77,30.09
1600,2023-03-15,T-Shirt,Clothing,South,125.76,15.39
1530,2023-03-16,Sofa,Furniture,North,286.26,58.65
3763,2023-03-16,Bluetooth Speaker,Electronics,South,50.72,9.33
2154,2023-03-16,Sticky Notes,Stationery,North,155.41,49.8
1955,2023-03-16,Bookshelf,Furniture,North,84.21,12.02
2308,2023-03-16,Study Table,Furniture,West,196.38,19.56
2706,2023-03-16,T-Shirt,Clothing,North,204.1,28.74
1784,2023-03-16,Jeans,Clothing,South,126.69,26.49
1459,2023-03-17,Whiteboard,Stationery,South,688.79,183.61
3078,2023-03-17,Pen Set,Stationery,West,228.59,57.85
1566,2023-03-17,Power Bank,Electronics,South,133.61,30.47
3733,2023-03-17,Office Chair,Furniture,East,155.8,17.35
3211,2023-03-18,Jeans,Clothing,North,132.31,26.55
2243,2023-03-19,Wireless Mouse,Electronics,North,205.24,5.64
1754,2023-03-19,Notebook Pack,Stationery,South,128.72,25.91
3761,2023-03-19,Pen Set,Stationery,North,80.71,13.11
2027,2023-03-19,Notebook Pack,Stationery,South,105.22,42.75
1847,2023-03-19,Wireless Mouse,Electronics,South,134.24,7.31
1875,2023-03-19,Bluetooth Speaker,Electronics,East,192.83,28.2
3506,2023-03-20,Jeans,Clothing,North,129.4,5.29
2692,2023-03-20,Bookshelf,Furniture,East,189.64,27.18
3375,2023-03-20,Power Bank,Electronics,North,303.42,44.49
3916,2023-03-20,T-Shirt,Clothing,South,159.96,34.3
1666,2023-03-21,Jeans,Clothing,West,121.09,23.33
3414,2023-03-21,Sofa,Furniture,West,153.86,26.71
1066,2023-03-22,Jacket,Clothing,West,172.25,37.63
1802,2023-03-22,Office Chair,Furniture,North,90.79,-4.37
1210,2023-03-22,Sneakers,Clothing,West,233.31,63.98
2407,2023-03-22,LED Monitor,Electronics,West,131.57,24.36
2631,2023-03-23,Power Bank,Electronics,West,234.45,9.13
2263,2023-03-23,LED Monitor,Electronics,North,369.08,57.61
3849,2023-03-23,Office Chair,Furniture,South,84.52,2.97
3406,2023-03-24,Sofa,Furniture,North,199.64,-2.03
1751,2023-03-24,Sticky Notes,Stationery,East,105.77,17.33
2709,2023-03-25,Notebook Pack,Stationery,West,133.95,37.31
3302,2023-03-25,T-Shirt,Clothing,South,103.25,13.24
2178,2023-03-25,Study Table,Furniture,North,150.57,29.32
3155,2023-03-25,Bookshelf,Furniture,South,146.59,14.9
2830,2023-03-25,Sneakers,Clothing,West,259.69,52.52
2927,2023-03-25,Sofa,Furniture,East,125.71,11.55
2719,2023-03-25,Sneakers,Clothing,South,273.43,88.2
2837,2023-03-25,Sticky Notes,Stationery,South,74.38,24.79
1753,2023-03-26,Bookshelf,Furniture,south,245.37,13.18
3091,2023-03-26,Pen Set,Stationery,South,95.67,13.26
2256,2023-03-26,Whiteboard,Stationery,North,88.31,16.67
2796,2023-03-27,Bluetooth Speaker,Electronics,North,668.91,71.22
1899,2023-03-27,Wireless Mouse,Electronics,South,79.22,13.82
1158,2023-03-27,Sneakers,Clothing,East,67.63,7.17
3020,2023-03-27,Jacket,Clothing,East,179.23,20.87
1463,2023-03-27,Jacket,Clothing,East,260.76,20.17
3895,2023-03-27,Notebook Pack,Stationery,North,226.83,92.33
2426,2023-03-27,Wireless Mouse,Electronics,North,289.88,51.62
3517,2023-03-28,Bluetooth Speaker,Electronics,East,256.64,80.77
3512,2023-03-28,Bookshelf,Furniture,South,131.86,31.65
2222,2023-03-28,Jacket,Clothing,East,90.32,14.34
2848,2023-03-28,Sneakers,Clothing,North,106.92,31.87
3630,2023-03-29,Power Bank,Electronics,South,289.4,69.99
2242,2023-03-29,Wireless Mouse,Electronics,East,269.5,71.4
2787,2023-03-29,Sneakers,Clothing,West,156.16,29.13
1014,2023-03-29,Whiteboard,Stationery,North,80.04,24.23
2033,2023-03-30,Bookshelf,Furniture,South,137.97,7.95
3050,2023-03-30,T-Shirt,Clothing,North,277.81,46.25
2554,2023-03-30,Sticky Notes,Stationery,East,41.04,4.74
2415,2023-03-30,Bookshelf,Furniture,South,213.51,24.41
1981,2023-03-31,Study Table,Furniture,North,143.84,16.48
3139,2023-03-31,Wireless Mouse,Electronics,South,288.45,62.42
1520,2023-03-31,Jeans,Clothing,East,149.34,33.73
1698,2023-03-31,Sneakers,Clothing,North,300.46,81.41
2810,2023-03-31,Power Bank,Electronics,West,120.09,21.29
1634,2023-04-01,Sneakers,Clothing,East,200.35,45.57
3381,2023-04-02,Notebook Pack,Stationery,South,255.79,72.89
1398,2023-04-02,Bluetooth Speaker,Electronics,North,279.87,42.42
3437,2023-04-02,Wireless Mouse,Electronics,North,90.88,5.25
2604,2023-04-02,Bookshelf,Furniture,West,44.68,3.91
2797,2023-04-02,Bookshelf,Furniture,South,352.86,93.37
1059,2023-04-02,Sofa,Furniture,East,226.24,26.88
1828,2023-04-03,T-Shirt,Clothing,East,234.41,50.46
2874,2023-04-03,Bookshelf,Furniture,West,210.27,54.96
1469,2023-04-04,Whiteboard,Stationery,North,477.99,138.23
1819,2023-04-05,Sneakers,Clothing,South,485.23,61.45
2005,2023-04-05,Bookshelf,Furniture,East,171.96,23.36
1765,2023-04-05,Bluetooth Speaker,Electronics,West,170.93,9.57
2094,2023-04-05,LED Monitor,Electronics,East,274.4,83.75
3362,2023-04-05,Sofa,Furniture,South,288.33,54.03
1446,2023-04-06,Wireless Mouse,Electronics,North,145.78,29.5
2241,2023-04-06,Power Bank,Electronics,West,176.13,39.66
1146,2023-04-06,Sofa,Furniture,East,296.74,18.8
1543,2023-04-06,Whiteboard,Stationery,South,217.29,50.78
3498,2023-04-07,Study Table,Furniture,North,171.24,24.6
2070,2023-04-07,Wireless Mouse,Electronics,North,98.33,23.09
3928,2023-04-07,Jeans,Clothing,West,414.91,50.94
1790,2023-04-08,Pen Set,Stationery,South,275.98,102.78
2450,2023-04-08,Sofa,Furniture,East,252.73,51.5
2354,2023-04-08,Wireless Mouse,Electronics,North,156.36,47.31
3890,2023-04-08,Whiteboard,Stationery,West,539.16,119.21
2542,2023-04-09,Bookshelf,Furniture,East,175.66,-2.08
1576,2023-04-09,Sofa,Furniture,South,293.94,48.36
1126,2023-04-09,LED Monitor,Electronics,West,121.53,23.15
3407,2023-04-09,Study Table,Furniture,West,102.83,8.44
1349,2023-04-09,T-Shirt,Clothing,West,61.22,11.65
1298,2023-04-09,Study Table,Furniture,East,291.22,68.64
1541,2023-04-09,Bluetooth Speaker,Electronics,South,453.82,50.96
1737,2023-04-09,Bookshelf,Furniture,West,423.92,103.58
1357,2023-04-09,Bookshelf,Furniture,North,237.66,9.28
1278,2023-04-09,Bookshelf,Furniture,West,145.49,29.04
2700,2023-04-09,Pen Set,Stationery,East,322.99,
1483,2023-04-10,Sneakers,Clothing,North,64.83,12.46
1016,2023-04-10,Jeans,Clothing,North,57.66,5.51
2910,2023-04-10,Bookshelf,Furniture,North,212.23,57.62
3513,2023-04-11,Notebook Pack,Stationery,West,58.0,18.82
3692,2023-04-11,Power Bank,Electronics,South,233.0,58.48
3331,2023-04-11,Notebook Pack,Stationery,South,135.82,38.17
3420,2023-04-11,Sticky Notes,Stationery,North,130.48,44.51
3230,2023-04-12,Jeans,Clothing,West,163.55,38.47
3059,2023-04-12,Bookshelf,Furniture,East,208.68,58.89
3987,2023-04-12,Jacket,Clothing,East,76.94,15.32
3087,2023-04-12,Bookshelf,Furniture,west,280.88,14.33
2392,2023-04-12,T-Shirt,Clothing,East,134.27,20.17
2782,2023-04-12,Sticky Notes,Stationery,West,191.47,42.9
1001,2023-04-13,Sneakers,Clothing,East,500.93,124.64
1422,2023-04-13,Wireless Mouse,Electronics,West,102.1,16.24
2807,2023-04-13,Wireless Mouse,Electronics,East,201.57,47.1
1786,2023-04-13,Office Chair,Furniture,South,392.39,77.71
2050,2023-04-14,Bookshelf,Furniture,North,175.68,15.62
3953,2023-04-14,Jeans,Clothing,South,373.33,60.86
1378,2023-04-14,Jeans,Clothing,East,114.11,29.02
3293,2023-04-14,Pen Set,Stationery,South,403.41,129.61
1292,2023-04-14,T-Shirt,Clothing,South,99.54,-3.35
3661,2023-04-14,Bluetooth Speaker,Electronics,North,611.3,70.03
1736,2023-04-15,Sneakers,Clothing,West,287.38,52.54
3487,2023-04-15,Jacket,Clothing,East,163.46,12.27
3132,2023-04-16,Wireless Mouse,Electronics,East,772.36,115.57
1072,2023-04-16,T-Shirt,Clothing,West,109.9,28.56
1800,2023-04-16,Sneakers,Clothing,south,243.52,64.77
2814,2023-04-16,Wireless Mouse,Electronics,East,119.05,8.14
1430,2023-04-16,Jacket,Clothing,East,161.06,24.11
2122,2023-04-16,Notebook Pack,Stationery,South,141.77,26.38
2531,2023-04-17,Jacket,Clothing,West,721.88,75.92
2959,2023-04-17,T-Shirt,Clothing,West,334.3,63.9
1004,2023-04-17,Jeans,Clothing,West,79.41,13.24
1857,2023-04-17,LED Monitor,Electronics,East,70.73,10.58
3197,2023-04-18,Wireless Mouse,Electronics,West,42.88,1.35
3646,2023-04-18,Pen Set,Stationery,West,210.65,50.03
2466,2023-04-18,Sticky Notes,Stationery,North,218.16,45.27
2388,2023-04-18,LED Monitor,Electronics,South,171.62,46.89
3145,2023-04-18,Sticky Notes,Stationery,South,221.48,36.41
1586,2023-04-19,Jacket,Clothing,East,226.3,39.64
3732,2023-04-19,LED Monitor,Electronics,West,252.57,3.34
1911,2023-04-19,Sneakers,Clothing,West,234.65,44.57
3981,2023-04-19,Study Table,Furniture,South,416.32,59.34
2305,2023-04-19,Whiteboard,Stationery,East,222.33,44.27
3363,2023-04-20,T-Shirt,Clothing,South,157.52,16.09
1816,2023-04-21,Power Bank,Electronics,South,166.23,23.58
1915,2023-04-21,Jeans,Clothing,North,159.45,21.5
1913,2023-04-21,Notebook Pack,Stationery,East,126.96,20.31
2832,2023-04-21,LED Monitor,Electronics,East,196.75,46.86
3651,2023-04-21,Office Chair,Furniture,East,73.06,4.33
3887,2023-04-22,Sneakers,Clothing,South,401.38,35.61
1295,2023-04-22,Bluetooth Speaker,Electronics,East,91.17,8.6
3672,2023-04-22,Sneakers,Clothing,South,515.15,69.49
1977,2023-04-23,Sofa,Furniture,South,75.09,15.25
3748,2023-04-23,Notebook Pack,Stationery,West,113.51,34.22
3743,2023-04-23,LED Monitor,Electronics,North,153.65,19.78
2211,2023-04-23,Bookshelf,Furniture,North,209.72,11.07
1207,2023-04-23,Jacket,Clothing,East,64.03,16.68
2350,2023-04-23,Pen Set,Stationery,North,401.38,110.36
2642,2023-04-23,Whiteboard,Stationery,North,106.9,27.57
1199,2023-04-23,Whiteboard,Stationery,South,27.69,3.79
1212,2023-04-23,LED Monitor,Electronics,West,266.8,50.34
3594,2023-04-23,Pen Set,Stationery,East,171.27,47.25
3028,2023-04-24,Jacket,Clothing,North,136.44,28.91
2212,2023-04-24,LED Monitor,Electronics,North,195.18,25.79
2586,2023-04-24,Study Table,Furniture,South,72.6,8.43
3313,2023-04-24,Pen Set,Stationery,South,280.86,86.85
2592,2023-04-25,LED Monitor,Electronics,East,215.85,20.51
1524,2023-04-25,Pen Set,Stationery,South,143.21,37.27
2289,2023-04-25,Pen Set,Stationery,South,98.78,19.78
2805,2023-04-26,Bluetooth Speaker,Electronics,North,226.04,45.93
1359,2023-04-26,Jacket,Clothing,North,165.96,23.57
3266,2023-04-26,Sofa,Furniture,North,187.22,23.68
3371,2023-04-27,Bluetooth Speaker,Electronics,East,241.06,31.69
1658,2023-04-27,Sneakers,Clothing,West,82.05,18.43
2893,2023-04-27,LED Monitor,Electronics,South,42.53,4.82
2762,2023-04-27,Notebook Pack,Stationery,South,140.37,31.99
3736,2023-04-27,Whiteboard,Stationery,West,94.43,44.02
3114,2023-04-27,Wireless Mouse,Electronics,South,295.35,78.67
1439,2023-04-27,Sticky Notes,Stationery,North,311.9,52.34
2148,2023-04-27,Jacket,Clothing,South,114.08,30.58
3164,2023-04-28,Power Bank,Electronics,South,560.22,53.53
1958,2023-04-28,Whiteboard,Stationery,West,385.24,103.97
3751,2023-04-28,Study Table,Furniture,East,232.74,17.72
1448,2023-04-28,Notebook Pack,Stationery,East,169.29,28.13
1973,2023-04-28,Sneakers,Clothing,West,280.47,47.17
2079,2023-04-28,Study Table,Furniture,East,314.27,31.0
1772,2023-04-28,Wireless Mouse,Electronics,East,391.85,99.46
2979,2023-04-29,Bluetooth Speaker,Electronics,East,251.52,58.24
3024,2023-04-29,Sofa,Furniture,East,78.42,3.65
2270,2023-04-29,Bluetooth Speaker,Electronics,West,192.7,31.06
3565,2023-04-29,Jacket,Clothing,West,269.47,53.69
3710,2023-04-29,T-Shirt,Clothing,North,172.59,32.11
1723,2023-04-29,T-Shirt,Clothing,West,132.21,-7.59
2553,2023-04-30,Whiteboard,Stationery,East,90.01,24.43
2245,2023-04-30,Bluetooth Speaker,Electronics,South,215.49,46.8
3490,2023-04-30,Pen Set,Stationery,East,291.27,86.32
1285,2023-04-30,Bluetooth Speaker,Electronics,West,539.74,164.64
1434,2023-04-30,Notebook Pack,Stationery,West,258.94,73.67
2676,2023-04-30,Jacket,Clothing,East,375.6,63.83
2958,2023-05-01,Pen Set,Stationery,West,264.06,95.93
2958,2023-05-01,Pen Set,Stationery,West,264.06,95.93
1852,2023-05-01,Sofa,Furniture,West,102.42,18.23
3595,2023-05-02,Office Chair,Furniture,West,208.66,12.04
1695,2023-05-02,Jeans,Clothing,North,243.6,32.23
2853,2023-05-02,Power Bank,Electronics,South,30.07,-0.08
1009,2023-05-02,T-Shirt,Clothing,South,109.73,26.73
2812,2023-05-02,Sofa,Furniture,South,127.6,32.67
1232,2023-05-03,T-Shirt,Clothing,North,233.65,36.07
3425,2023-05-04,Bluetooth Speaker,Electronics,East,197.55,59.93
2575,2023-05-04,Notebook Pack,Stationery,West,99.03,11.67
3115,2023-05-04,LED Monitor,Electronics,West,133.28,26.5
1242,2023-05-04,T-Shirt,Clothing,East,742.08,99.81
3586,2023-05-04,Bookshelf,Furniture,East,227.01,32.64
3762,2023-05-04,Sneakers,Clothing,East,140.07,23.91
1406,2023-05-05,Bookshelf,Furniture,East,105.84,30.89
1638,2023-05-06,Pen Set,Stationery,West,335.11,82.08
2994,2023-05-06,Bluetooth Speaker,Electronics,East,83.01,17.08
1814,2023-05-06,Bookshelf,Furniture,East,204.65,32.29
1901,2023-05-06,Bluetooth Speaker,Electronics,East,114.06,28.52
2121,2023-05-07,Jacket,Clothing,East,303.03,41.31
1440,2023-05-07,Sneakers,Clothing,North,105.2,28.19
2844,2023-05-07,Pen Set,Stationery,South,116.07,36.88
2310,2023-05-08,Pen Set,Stationery,North,32.07,7.88
3649,2023-05-08,Notebook Pack,Stationery,East,170.09,66.87
1365,2023-05-08,Sofa,Furniture,North,107.38,12.05
2287,2023-05-08,Sofa,Furniture,South,178.84,12.86
3379,2023-05-08,Jeans,Clothing,East,256.21,58.5
3967,2023-05-09,Pen Set,Stationery,South,187.22,54.13
3979,2023-05-09,LED Monitor,Electronics,West,71.7,20.29
3014,2023-05-09,Jacket,Clothing,East,197.19,65.53
3493,2023-05-09,Bookshelf,Furniture,east,391.27,38.17
3657,2023-05-09,Power Bank,Electronics,East,258.65,61.2
1102,2023-05-09,Office Chair,Furniture,West,484.25,26.16
2707,2023-05-10,Wireless Mouse,Electronics,North,193.0,37.78
3354,2023-05-10,Bluetooth Speaker,Electronics,West,111.4,23.57
3494,2023-05-10,Study Table,Furniture,South,1079.06,193.23
2092,2023-05-10,Jacket,Clothing,East,702.72,191.91
3391,2023-05-10,Sticky Notes,Stationery,North,567.53,53.04
2338,2023-05-10,Sofa,Furniture,South,228.27,43.79
1221,2023-05-10,Jacket,Clothing,West,412.03,69.19
3259,2023-05-10,Office Chair,Furniture,East,117.22,21.69
2928,2023-05-10,Whiteboard,Stationery,West,184.7,33.53
2451,2023-05-11,Jacket,Clothing,West,333.46,72.11
1018,2023-05-11,Bookshelf,Furniture,South,841.04,132.2
2385,2023-05-11,Jacket,Clothing,East,118.86,38.07
1281,2023-05-11,Power Bank,Electronics,South,108.29,11.9
3993,2023-05-11,Jeans,Clothing,West,495.79,45.62
1045,2023-05-11,Whiteboard,Stationery,North,260.63,57.0
3851,2023-05-11,Bluetooth Speaker,Electronics,South,96.97,18.78
3697,2023-05-12,Pen Set,Stationery,West,122.58,29.18
1627,2023-05-12,Pen Set,Stationery,West,177.85,55.41
3694,2023-05-12,Sneakers,Clothing,West,184.69,33.32
2030,2023-05-12,T-Shirt,Clothing,West,166.72,12.73
3100,2023-05-13,T-Shirt,Clothing,South,332.58,46.51
1593,2023-05-13,Power Bank,Electronics,North,56.36,13.47
2120,2023-05-13,Sneakers,Clothing,South,93.7,20.69
2951,2023-05-13,Sticky Notes,Stationery,South,256.15,86.87
2620,2023-05-13,Jeans,Clothing,South,340.79,65.37
1803,2023-05-13,T-Shirt,Clothing,West,171.76,48.61
2103,2023-05-14,Power Bank,Electronics,East,122.17,30.69
1659,2023-05-14,Bookshelf,Furniture,South,353.19,72.53
3345,2023-05-14,Sticky Notes,Stationery,North,440.26,149.71
1311,2023-05-15,Sofa,Furniture,North,118.24,20.98
1118,2023-05-15,Jacket,Clothing,North,271.88,35.47
3652,2023-05-16,Notebook Pack,Stationery,West,71.26,24.08
2144,2023-05-17,Study Table,Furniture,East,40.2,5.81
1945,2023-05-17,Jacket,Clothing,South,93.12,12.63
2432,2023-05-17,Jeans,Clothing,North,367.19,52.66
3764,2023-05-17,Power Bank,Electronics,East,157.55,16.66
2012,2023-05-17,LED Monitor,Electronics,East,119.8,30.84
3547,2023-05-18,Pen Set,Stationery,West,206.26,42.89
1804,2023-05-18,T-Shirt,Clothing,East,184.88,28.51
3770,2023-05-18,Bluetooth Speaker,Electronics,West,238.02,46.01
1985,2023-05-19,Sofa,Furniture,South,518.72,21.34
1106,2023-05-19,Bookshelf,Furniture,West,99.46,14.75
2507,2023-05-20,Office Chair,Furniture,North,123.62,10.75
1978,2023-05-20,Bluetooth Speaker,Electronics,North,147.61,35.47
2111,2023-05-21,Study Table,Furniture,north,134.01,10.22
3163,2023-05-21,Sneakers,Clothing,North,194.92,32.81
2473,2023-05-21,Notebook Pack,Stationery,North,158.93,41.76
2190,2023-05-21,Wireless Mouse,Electronics,South,316.85,79.84
3120,2023-05-21,Bookshelf,Furniture,North,179.35,26.27
2495,2023-05-22,Pen Set,Stationery,North,296.09,76.95
3844,2023-05-22,Sticky Notes,Stationery,North,299.9,75.49
1680,2023-05-23,Sneakers,Clothing,South,346.93,90.74
3328,2023-05-23,Sticky Notes,Stationery,East,98.66,15.52
2813,2023-05-23,Wireless Mouse,Electronics,north,108.61,28.83
3080,2023-05-23,Study Table,Furniture,North,279.39,21.21
2044,2023-05-23,Notebook Pack,Stationery,west,475.43,137.35
1397,2023-05-23,Sneakers,Clothing,North,87.56,15.21
2202,2023-05-24,T-Shirt,Clothing,North,120.73,48.57
3891,2023-05-24,Jeans,Clothing,South,191.93,70.34
3131,2023-05-24,Bookshelf,Furniture,South,178.74,19.59
1239,2023-05-24,T-Shirt,Clothing,North,112.25,24.87
1574,2023-05-24,Study Table,Furniture,South,363.71,53.82
1265,2023-05-24,Jeans,Clothing,South,109.69,0.16
1583,2023-05-24,LED Monitor,Electronics,East,92.59,23.14
1707,2023-05-25,Bluetooth Speaker,Electronics,South,183.7,19.92
1903,2023-05-25,LED Monitor,Electronics,South,181.38,35.48
2046,2023-05-25,Jeans,Clothing,South,147.22,38.71
1752,2023-05-25,Bluetooth Speaker,Electronics,East,346.33,56.96
2549,2023-05-25,Sneakers,Clothing,South,235.85,35.94
3029,2023-05-25,Power Bank,Electronics,East,88.65,19.17
2929,2023-05-25,Office Chair,Furniture,East,201.28,36.66
2309,2023-05-26,Sneakers,Clothing,West,574.27,115.79
2499,2023-05-26,Sticky Notes,Stationery,South,336.43,76.14
1912,2023-05-26,Sofa,Furniture,North,301.15,-14.84
3189,2023-05-26,Sticky Notes,Stationery,West,484.43,89.82
3746,2023-05-26,Sticky Notes,Stationery,West,200.1,31.73
1726,2023-05-26,Whiteboard,Stationery,West,211.32,33.63
2601,2023-05-27,Jacket,Clothing,West,250.51,10.0
2257,2023-05-27,Bluetooth Speaker,Electronics,West,214.45,44.09
3036,2023-05-27,Study Table,Furniture,North,149.29,9.47
2854,2023-05-27,Wireless Mouse,Electronics,East,313.16,93.18
1251,2023-05-27,Wireless Mouse,Electronics,East,217.08,34.9
2363,2023-05-28,Jeans,Clothing,North,303.27,75.4
2181,2023-05-28,Power Bank,Electronics,West,183.7,30.09
3837,2023-05-28,Jeans,Clothing,North,296.48,54.58
1252,2023-05-28,Jacket,Clothing,West,297.24,65.45
3527,2023-05-28,Whiteboard,Stationery,South,304.55,80.14
3408,2023-05-29,Bluetooth Speaker,Electronics,East,555.06,44.01
3250,2023-05-29,Bookshelf,Furniture,North,327.29,47.38
3568,2023-05-29,Sneakers,Clothing,East,216.5,43.57
3603,2023-05-29,Power Bank,Electronics,South,165.84,23.23
2345,2023-05-29,LED Monitor,Electronics,East,173.44,15.5
1665,2023-05-29,Pen Set,Stationery,West,307.1,66.26
3301,2023-05-29,Jacket,Clothing,South,120.6,22.68
1407,2023-05-30,Jacket,Clothing,West,31.91,6.35
1582,2023-05-31,Notebook Pack,Stationery,East,258.97,73.7
3006,2023-05-31,Sofa,Furniture,West,124.66,21.35
2255,2023-05-31,Bluetooth Speaker,Electronics,North,216.37,40.21
1260,2023-05-31,T-Shirt,Clothing,North,160.07,26.63
1283,2023-06-01,Power Bank,Electronics,East,159.64,38.84
2886,2023-06-01,Jeans,Clothing,South,347.4,-2.17
2447,2023-06-01,Office Chair,Furniture,South,650.59,35.11
3176,2023-06-01,Power Bank,Electronics,South,635.62,163.27
2317,2023-06-02,LED Monitor,Electronics,North,162.72,27.34
2753,2023-06-02,Power Bank,Electronics,West,158.47,23.95
2519,2023-06-02,Jeans,Clothing,South,57.69,14.28
1299,2023-06-02,Office Chair,Furniture,North,157.32,23.18
3909,2023-06-03,Study Table,Furniture,East,88.65,4.18
1460,2023-06-03,Pen Set,Stationery,West,442.02,142.99
1768,2023-06-03,LED Monitor,Electronics,West,144.83,28.67
3701,2023-06-03,Sofa,Furniture,West,262.66,32.76
2371,2023-06-03,Bluetooth Speaker,Electronics,West,117.58,13.39
3179,2023-06-03,Pen Set,Stationery,South,999.43,266.97
3097,2023-06-03,Sofa,Furniture,South,397.53,71.32
3436,2023-06-04,Bluetooth Speaker,Electronics,West,181.54,5.24
1375,2023-06-04,Jeans,Clothing,East,193.48,61.38
3128,2023-06-05,Bluetooth Speaker,Electronics,South,818.57,233.7
2967,2023-06-05,Power Bank,Electronics,West,219.15,45.97
2175,2023-06-05,Jacket,Clothing,North,400.44,167.69
3410,2023-06-05,LED Monitor,Electronics,East,158.16,27.49
2085,2023-06-06,Pen Set,Stationery,West,124.11,33.6
2088,2023-06-06,Bluetooth Speaker,Electronics,South,270.47,75.44
2705,2023-06-06,Jacket,Clothing,West,113.88,20.85
2067,2023-06-06,Jeans,Clothing,West,193.87,29.22
1097,2023-06-06,Sofa,Furniture,South,117.39,30.54
2283,2023-06-07,Sofa,Furniture,East,310.02,35.49
1344,2023-06-07,Whiteboard,Stationery,South,73.18,25.48
3341,2023-06-07,T-Shirt,Clothing,East,74.07,22.08
3054,2023-06-08,Power Bank,Electronics,South,29.04,3.48
3148,2023-06-08,Bookshelf,Furniture,West,395.53,79.05
2446,2023-06-08,Study Table,Furniture,West,158.78,48.27
2879,2023-06-08,Study Table,Furniture,West,334.05,56.54
2080,2023-06-08,Bluetooth Speaker,Electronics,South,239.19,49.24
3725,2023-06-08,Sneakers,Clothing,East,126.24,38.99
3207,2023-06-09,Study Table,Furniture,South,165.1,9.63
1495,2023-06-09,Sneakers,Clothing,South,189.58,61.5
3574,2023-06-09,Sticky Notes,Stationery,South,474.9,174.18
1155,2023-06-09,Sneakers,Clothing,East,218.37,45.33
3249,2023-06-09,Bookshelf,Furniture,North,101.47,5.0
2552,2023-06-09,LED Monitor,Electronics,South,111.57,4.03
1275,2023-06-09,Notebook Pack,Stationery,North,340.97,59.68
3859,2023-06-10,Jeans,Clothing,South,61.08,17.16
1362,2023-06-10,Jeans,Clothing,South,626.68,151.48
1027,2023-06-10,Jeans,Clothing,West,164.56,35.3
3752,2023-06-10,T-Shirt,Clothing,East,180.03,35.25
2462,2023-06-10,Jacket,Clothing,South,139.5,23.16
2169,2023-06-10,Jacket,Clothing,North,179.8,52.67
3305,2023-06-10,T-Shirt,Clothing,East,169.05,45.96
3048,2023-06-10,Jacket,Clothing,South,375.49,110.05
1305,2023-06-10,T-Shirt,Clothing,South,117.15,32.84
2984,2023-06-10,LED Monitor,Electronics,North,550.9,116.59
2727,2023-06-11,Jeans,Clothing,North,316.22,78.81
3722,2023-06-11,Bookshelf,Furniture,North,137.38,10.84
2220,2023-06-11,Sofa,Furniture,East,152.15,29.42
3985,2023-06-11,Bookshelf,Furniture,West,139.08,25.24
1078,2023-06-11,Notebook Pack,Stationery,West,361.32,103.67
2932,2023-06-12,Notebook Pack,Stationery,South,269.19,59.66
1302,2023-06-12,T-Shirt,Clothing,West,350.14,101.73
2728,2023-06-12,Notebook Pack,Stationery,North,123.07,7.92
3811,2023-06-12,LED Monitor,Electronics,South,87.1,16.14
1594,2023-06-12,Sneakers,Clothing,South,106.01,4.87
3464,2023-06-13,Bookshelf,Furniture,West,132.79,-1.5
3361,2023-06-13,LED Monitor,Electronics,North,166.55,46.82
3946,2023-06-13,Sofa,Furniture,South,111.49,13.03
2962,2023-06-14,Office Chair,Furniture,South,90.62,-1.93
2249,2023-06-14,Bookshelf,Furniture,East,218.24,41.85
3846,2023-06-14,Sofa,Furniture,South,23.21,3.58
2024,2023-06-14,LED Monitor,Electronics,East,76.57,16.65
1614,2023-06-14,Wireless Mouse,Electronics,West,153.58,20.29
1796,2023-06-15,Study Table,Furniture,East,128.39,10.21
2809,2023-06-15,Jeans,Clothing,East,398.9,59.23
2777,2023-06-15,Bookshelf,Furniture,West,138.25,-0.12
1633,2023-06-16,Pen Set,Stationery,North,344.49,81.43
3233,2023-06-16,Pen Set,Stationery,West,229.35,37.92
3187,2023-06-16,Notebook Pack,Stationery,North,130.29,41.69
3222,2023-06-16,Bluetooth Speaker,Electronics,West,69.8,12.18
1049,2023-06-16,Sofa,Furniture,North,100.04,14.67
1607,2023-06-17,Bookshelf,Furniture,East,395.13,73.65
2603,2023-06-17,Bluetooth Speaker,Electronics,East,92.51,18.32
1995,2023-06-17,Bookshelf,Furniture,East,322.54,63.82
1508,2023-06-17,Office Chair,Furniture,West,397.47,18.29
2327,2023-06-17,Bookshelf,Furniture,South,153.47,4.62
3562,2023-06-18,LED Monitor,Electronics,West,173.36,29.18
2469,2023-06-19,Sofa,Furniture,North,44.11,6.46
2613,2023-06-19,Study Table,Furniture,West,257.81,18.08
1608,2023-06-19,Wireless Mouse,Electronics,South,861.39,159.89
2567,2023-06-19,Jeans,Clothing,North,641.62,151.6
2452,2023-06-20,Pen Set,Stationery,North,271.88,52.17
1151,2023-06-20,Power Bank,Electronics,South,239.35,41.71
1342,2023-06-21,Whiteboard,Stationery,North,184.04,39.76
1993,2023-06-21,Sticky Notes,Stationery,North,205.3,43.96
3261,2023-06-21,Pen Set,Stationery,West,439.54,116.38
2389,2023-06-21,Jeans,Clothing,West,281.59,69.54
3590,2023-06-21,Pen Set,Stationery,West,40.32,13.36
3158,2023-06-21,Jacket,Clothing,East,66.18,11.32
1664,2023-06-22,Sticky Notes,Stationery,North,181.98,39.08
3377,2023-06-22,Jeans,Clothing,North,202.51,69.5
1968,2023-06-22,Sofa,Furniture,East,137.97,42.17
3462,2023-06-22,Power Bank,Electronics,West,135.17,28.93
3507,2023-06-22,Wireless Mouse,Electronics,West,275.28,32.91
1640,2023-06-22,Pen Set,Stationery,West,95.05,15.8
1605,2023-06-23,Bookshelf,Furniture,West,102.84,3.02
2208,2023-06-24,T-Shirt,Clothing,North,538.24,82.43
3021,2023-06-24,Sticky Notes,Stationery,North,117.11,33.4
3021,2023-06-24,Sticky Notes,Stationery,North,117.11,33.4
1381,2023-06-25,LED Monitor,Electronics,North,193.93,43.27
2579,2023-06-25,Sneakers,Clothing,West,158.17,36.56
1729,2023-06-26,Sticky Notes,Stationery,North,97.43,24.62
3877,2023-06-26,Office Chair,Furniture,West,90.3,22.5
2170,2023-06-26,Sneakers,Clothing,West,144.31,48.3
1561,2023-06-26,Whiteboard,Stationery,south,58.28,18.06
3860,2023-06-27,Jacket,Clothing,North,84.64,32.66
1702,2023-06-27,Power Bank,Electronics,West,133.88,38.33
2225,2023-06-27,Notebook Pack,Stationery,East,125.7,30.68
3935,2023-06-27,Bluetooth Speaker,Electronics,South,62.26,
3003,2023-06-27,LED Monitor,Electronics,East,51.22,13.06
2056,2023-06-28,T-Shirt,Clothing,South,133.06,35.6
2162,2023-06-28,Bookshelf,Furniture,North,168.26,14.0
1484,2023-06-29,Whiteboard,Stationery,North,105.49,42.2
2166,2023-06-29,Bookshelf,Furniture,South,332.93,37.88
3318,2023-06-29,Bookshelf,Furniture,East,211.81,47.89
1355,2023-06-30,Pen Set,Stationery,South,93.44,7.64
3796,2023-07-01,Pen Set,Stationery,South,82.24,12.13
2137,2023-07-01,Office Chair,Furniture,North,210.23,47.65
2250,2023-07-01,Pen Set,Stationery,North,199.95,57.84
2163,2023-07-01,Sneakers,Clothing,East,81.1,14.04
3816,2023-07-01,Notebook Pack,Stationery,East,110.0,37.09
1632,2023-07-01,Sneakers,Clothing,South,346.1,52.11
3744,2023-07-02,Jeans,Clothing,East,176.14,12.52
3471,2023-07-02,Study Table,Furniture,South,389.93,14.88
3443,2023-07-02,Bluetooth Speaker,Electronics,East,145.07,32.55
2453,2023-07-02,Jacket,Clothing,North,150.67,16.09
3583,2023-07-02,Pen Set,Stationery,West,264.69,84.12
1818,2023-07-02,T-Shirt,Clothing,East,87.17,14.78
3742,2023-07-02,Power Bank,Electronics,South,288.06,61.65
3000,2023-07-03,Bluetooth Speaker,Electronics,East,121.62,23.56
1231,2023-07-03,Power Bank,Electronics,South,274.17,63.49
1805,2023-07-03,Study Table,Furniture,North,286.17,53.63
2997,2023-07-04,Pen Set,Stationery,South,222.27,40.02
2900,2023-07-05,Jeans,Clothing,West,67.64,6.38
3654,2023-07-05,Jacket,Clothing,South,215.62,42.76
1589,2023-07-05,Office Chair,Furniture,South,231.25,5.44
2508,2023-07-06,T-Shirt,Clothing,West,107.13,22.64
1243,2023-07-06,Power Bank,Electronics,West,267.62,32.83
2351,2023-07-06,Jeans,Clothing,South,118.43,16.96
3706,2023-07-07,Sneakers,Clothing,South,352.7,108.54
3726,2023-07-07,Sticky Notes,Stationery,North,225.36,57.18
1093,2023-07-07,T-Shirt,Clothing,East,186.59,53.79
3799,2023-07-07,Jeans,Clothing,East,66.71,15.39
2449,2023-07-07,T-Shirt,Clothing,North,206.13,41.71
1454,2023-07-08,Power Bank,Electronics,North,234.21,19.76
3411,2023-07-09,Sneakers,Clothing,East,865.08,135.46
3566,2023-07-09,Power Bank,Electronics,East,104.51,1.08
1405,2023-07-09,Bookshelf,Furniture,East,330.61,25.81
1174,2023-07-09,Sneakers,Clothing,East,100.56,13.38
1039,2023-07-09,Sticky Notes,Stationery,South,182.72,30.85
1546,2023-07-09,Study Table,Furniture,East,131.81,25.87
1652,2023-07-09,Bluetooth Speaker,Electronics,East,147.24,27.21
2615,2023-07-10,Bookshelf,Furniture,East,541.86,83.11
1360,2023-07-10,T-Shirt,Clothing,West,55.46,19.32
1654,2023-07-10,Sofa,Furniture,West,292.26,7.0
1025,2023-07-11,Bluetooth Speaker,Electronics,East,137.66,27.74
1891,2023-07-11,Bluetooth Speaker,Electronics,North,284.63,36.53
1338,2023-07-11,Study Table,Furniture,South,126.11,20.6
1539,2023-07-11,Jeans,Clothing,West,103.45,22.72
3488,2023-07-11,Bookshelf,Furniture,North,64.05,0.29
2669,2023-07-11,Jeans,Clothing,East,185.82,
3022,2023-07-12,Bookshelf,Furniture,East,96.48,12.07
2209,2023-07-13,Sticky Notes,Stationery,East,78.08,31.27
2808,2023-07-13,Sofa,Furniture,West,141.37,26.09
1963,2023-07-13,T-Shirt,Clothing,South,158.18,18.08
1611,2023-07-13,Pen Set,Stationery,East,126.52,27.04
2565,2023-07-14,Sofa,Furniture,South,86.16,-0.02
1826,2023-07-14,Sticky Notes,Stationery,South,496.98,62.43
1825,2023-07-14,Jacket,Clothing,East,249.68,46.46
1312,2023-07-14,Power Bank,Electronics,North,645.69,-12.6
3322,2023-07-15,Sofa,Furniture,South,87.76,9.5
1423,2023-07-15,LED Monitor,Electronics,East,165.14,34.03
1526,2023-07-15,Whiteboard,Stationery,East,79.36,3.71
2074,2023-07-15,Jacket,Clothing,West,82.69,12.31
3995,2023-07-15,T-Shirt,Clothing,North,373.34,29.84
2664,2023-07-15,Whiteboard,Stationery,West,198.11,54.84
3829,2023-07-15,Power Bank,Electronics,North,83.64,16.28
2981,2023-07-17,Sticky Notes,Stationery,East,755.54,224.27
1237,2023-07-17,Sticky Notes,Stationery,West,55.82,19.26
3754,2023-07-17,Wireless Mouse,Electronics,West,239.54,36.69
2052,2023-07-17,Office Chair,Furniture,South,124.52,14.02
3881,2023-07-17,Office Chair,Furniture,West,197.47,28.23
2745,2023-07-18,T-Shirt,Clothing,South,169.7,67.49
3840,2023-07-18,Office Chair,Furniture,North,237.93,33.59
3505,2023-07-19,Study Table,Furniture,West,179.7,19.06
3515,2023-07-19,Sofa,Furniture,South,62.96,12.74
2412,2023-07-19,Pen Set,Stationery,South,254.76,73.39
2297,2023-07-20,Office Chair,Furniture,West,215.01,30.77
1241,2023-07-20,Power Bank,Electronics,West,320.93,86.41
1708,2023-07-20,Jeans,Clothing,West,959.47,272.08
2370,2023-07-20,T-Shirt,Clothing,West,177.1,43.93
1119,2023-07-20,Sofa,Furniture,North,410.91,43.09
1079,2023-07-21,Sticky Notes,Stationery,North,91.57,17.62
2145,2023-07-21,Sticky Notes,Stationery,West,353.44,110.63
3188,2023-07-21,Bluetooth Speaker,Electronics,East,160.18,37.55
3704,2023-07-21,Power Bank,Electronics,West,116.26,17.75
1668,2023-07-22,Study Table,Furniture,East,94.9,21.28
3836,2023-07-22,Jeans,Clothing,East,154.51,28.95
1230,2023-07-22,Study Table,Furniture,South,112.47,9.57
3613,2023-07-22,Power Bank,Electronics,North,408.53,97.53
2961,2023-07-23,Office Chair,Furniture,South,502.39,-10.54
1471,2023-07-23,Sneakers,Clothing,West,951.0,132.87
3819,2023-07-24,Pen Set,Stationery,South,150.29,47.76
1813,2023-07-24,Pen Set,Stationery,North,59.61,23.44
3356,2023-07-25,Study Table,Furniture,North,176.06,9.41
2754,2023-07-25,Office Chair,Furniture,South,78.37,7.08
2986,2023-07-25,Pen Set,Stationery,East,182.77,59.22
1065,2023-07-25,Sneakers,Clothing,West,31.9,4.19
2875,2023-07-26,Jeans,Clothing,East,198.07,43.01
1781,2023-07-26,Sticky Notes,Stationery,East,319.59,67.7
1138,2023-07-26,Jeans,Clothing,East,255.09,59.14
2838,2023-07-27,Pen Set,Stationery,East,121.22,58.21
1280,2023-07-27,Sticky Notes,Stationery,South,354.84,36.8
2732,2023-07-27,Pen Set,Stationery,North,62.06,17.63
3276,2023-07-27,Jeans,Clothing,North,227.03,61.27
3263,2023-07-28,Wireless Mouse,Electronics,East,103.5,18.32
3682,2023-07-28,Bluetooth Speaker,Electronics,North,254.18,52.23
2290,2023-07-28,Bookshelf,Furniture,West,237.29,68.6
2677,2023-07-29,Whiteboard,Stationery,East,128.54,29.09
3954,2023-07-29,Sticky Notes,Stationery,South,273.06,53.73
2156,2023-07-29,Jeans,Clothing,West,130.44,36.4
2113,2023-07-29,LED Monitor,Electronics,South,222.3,60.96
3691,2023-07-30,Power Bank,Electronics,East,191.73,33.33
3729,2023-07-30,Sticky Notes,Stationery,West,70.0,14.61
3535,2023-07-30,Bookshelf,Furniture,West,299.83,52.64
1905,2023-07-31,Sofa,Furniture,west,101.56,18.62
3915,2023-08-01,Wireless Mouse,Electronics,East,121.48,12.75
1667,2023-08-01,Pen Set,Stationery,North,277.94,73.62
3456,2023-08-01,Study Table,Furniture,East,452.45,68.28
3622,2023-08-01,Notebook Pack,Stationery,South,205.31,45.5
3459,2023-08-01,Jeans,Clothing,West,279.78,69.39
2785,2023-08-02,Whiteboard,Stationery,West,157.94,33.36
3912,2023-08-02,Power Bank,Electronics,South,106.87,22.36
1853,2023-08-02,Sneakers,Clothing,East,498.61,117.87
1595,2023-08-03,Study Table,Furniture,East,56.95,-1.07
1011,2023-08-03,Sofa,Furniture,North,164.15,17.61
2191,2023-08-03,T-Shirt,Clothing,South,326.12,67.52
2404,2023-08-04,T-Shirt,Clothing,South,148.01,0.58
2992,2023-08-04,Bluetooth Speaker,Electronics,south,350.86,10.92
2600,2023-08-04,Sticky Notes,Stationery,East,340.05,93.83
1876,2023-08-04,Bookshelf,Furniture,East,239.3,7.12
3342,2023-08-04,Notebook Pack,Stationery,West,152.06,59.64
2550,2023-08-04,Jacket,Clothing,south,243.07,56.03
2082,2023-08-04,LED Monitor,Electronics,East,41.64,5.7
1625,2023-08-05,Office Chair,Furniture,West,170.53,13.14
1092,2023-08-05,Wireless Mouse,Electronics,North,140.74,12.22
1732,2023-08-05,Sneakers,Clothing,South,138.56,34.81
2995,2023-08-05,Power Bank,Electronics,West,122.32,14.44
2379,2023-08-05,Bluetooth Speaker,Electronics,East,303.83,76.19
1552,2023-08-05,Whiteboard,Stationery,West,84.42,18.12
3563,2023-08-05,Whiteboard,Stationery,South,323.93,67.87
3229,2023-08-06,Office Chair,Furniture,East,185.21,-0.89
2110,2023-08-06,Pen Set,Stationery,East,63.54,5.86
3025,2023-08-06,LED Monitor,Electronics,West,174.05,20.56
1134,2023-08-06,LED Monitor,Electronics,West,248.27,31.74
1472,2023-08-06,Pen Set,Stationery,West,71.37,4.47
2533,2023-08-06,Bluetooth Speaker,Electronics,North,178.72,27.48
1466,2023-08-08,Sneakers,Clothing,East,145.87,30.81
3812,2023-08-08,Sticky Notes,Stationery,East,50.28,14.08
3810,2023-08-08,Jacket,Clothing,West,168.54,25.66
1343,2023-08-08,Notebook Pack,Stationery,East,127.87,59.66
1642,2023-08-08,Sticky Notes,Stationery,East,149.62,56.88
3044,2023-08-08,Notebook Pack,Stationery,west,307.95,89.89
3966,2023-08-08,Sofa,Furniture,North,206.36,16.88
1215,2023-08-08,Office Chair,Furniture,North,302.27,31.31
3551,2023-08-08,Bookshelf,Furniture,East,279.1,24.95
3167,2023-08-08,Wireless Mouse,Electronics,West,112.49,15.08
3096,2023-08-09,Sofa,Furniture,South,305.42,29.98
3713,2023-08-09,Notebook Pack,Stationery,North,292.28,66.59
3423,2023-08-09,Sofa,Furniture,West,349.87,46.77
2661,2023-08-10,Jeans,Clothing,East,109.19,15.41
2213,2023-08-10,Sofa,Furniture,South,168.4,32.03
3597,2023-08-10,Jacket,Clothing,East,59.49,17.27
3553,2023-08-11,Power Bank,Electronics,East,51.55,18.75
1951,2023-08-11,T-Shirt,Clothing,South,229.29,
2822,2023-08-11,Notebook Pack,Stationery,North,218.4,55.56
1591,2023-08-11,Notebook Pack,Stationery,South,51.67,7.73
2646,2023-08-11,Study Table,Furniture,South,475.25,95.32
2438,2023-08-11,Study Table,Furniture,East,178.51,35.33
1485,2023-08-11,Sticky Notes,Stationery,North,152.66,28.33
2999,2023-08-11,Sticky Notes,Stationery,South,92.42,18.57
3663,2023-08-12,Power Bank,Electronics,East,129.49,33.33
2657,2023-08-12,Sneakers,Clothing,East,464.98,75.73
2589,2023-08-12,Sticky Notes,Stationery,West,181.15,45.76
1727,2023-08-12,Notebook Pack,Stationery,East,196.59,54.27
2638,2023-08-12,Bluetooth Speaker,Electronics,North,127.45,28.07
1217,2023-08-13,Sneakers,Clothing,North,291.2,33.95
1975,2023-08-13,Notebook Pack,Stationery,South,336.14,95.98
2803,2023-08-13,LED Monitor,Electronics,West,164.11,42.52
2047,2023-08-13,LED Monitor,Electronics,North,157.03,31.34
1189,2023-08-13,Jacket,Clothing,East,85.64,13.76
1175,2023-08-13,Jeans,Clothing,West,77.29,14.18
2518,2023-08-14,T-Shirt,Clothing,South,263.17,57.09
3198,2023-08-14,Jeans,Clothing,East,261.56,23.5
2532,2023-08-14,LED Monitor,Electronics,South,159.19,28.54
1329,2023-08-14,Power Bank,Electronics,West,667.96,169.43
2275,2023-08-14,Pen Set,Stationery,West,122.67,24.66
2574,2023-08-14,Pen Set,Stationery,South,95.89,30.55
3578,2023-08-14,T-Shirt,Clothing,West,425.21,66.97
1671,2023-08-15,LED Monitor,Electronics,South,82.55,6.07
3700,2023-08-15,Sneakers,Clothing,East,181.75,17.76
3930,2023-08-15,Bluetooth Speaker,Electronics,East,288.96,20.4
2685,2023-08-15,Notebook Pack,Stationery,south,149.43,49.42
1294,2023-08-15,T-Shirt,Clothing,South,90.35,3.87
3999,2023-08-15,Sticky Notes,Stationery,North,209.06,30.58
3479,2023-08-15,Sneakers,Clothing,North,228.25,48.67
2352,2023-08-15,Jacket,Clothing,North,172.46,17.79
2081,2023-08-16,Wireless Mouse,Electronics,East,250.05,18.9
3822,2023-08-16,T-Shirt,Clothing,West,54.05,17.91
3531,2023-08-16,Sofa,Furniture,West,204.26,32.93
1914,2023-08-16,Whiteboard,Stationery,South,111.73,16.74
2933,2023-08-17,Sneakers,Clothing,West,144.32,39.77
1782,2023-08-17,Notebook Pack,Stationery,East,196.77,61.97
1669,2023-08-17,LED Monitor,Electronics,North,246.26,20.49
2020,2023-08-17,Sofa,Furniture,East,174.96,9.38
3650,2023-08-17,Jeans,Clothing,South,376.28,98.86
1949,2023-08-17,Jeans,Clothing,South,290.58,64.61
2234,2023-08-17,Jeans,Clothing,West,284.68,48.98
2387,2023-08-17,Office Chair,Furniture,North,181.74,26.0
1323,2023-08-18,Whiteboard,Stationery,East,132.05,23.92
3251,2023-08-18,Bluetooth Speaker,Electronics,South,134.51,24.85
1603,2023-08-18,Study Table,Furniture,North,81.67,-3.04
1149,2023-08-19,Sofa,Furniture,South,148.5,41.86
1898,2023-08-19,Jeans,Clothing,West,308.08,58.84
1173,2023-08-19,Bookshelf,Furniture,East,183.51,-1.41
3427,2023-08-19,Power Bank,Electronics,East,98.61,23.54
2926,2023-08-19,Whiteboard,Stationery,South,290.92,97.23
3669,2023-08-19,Notebook Pack,Stationery,South,156.87,43.27
1115,2023-08-19,Wireless Mouse,Electronics,East,448.83,17.4
2065,2023-08-19,Jacket,Clothing,West,359.27,85.96
3501,2023-08-20,Power Bank,Electronics,East,153.52,26.5
3529,2023-08-20,Sneakers,Clothing,South,273.81,33.65
1197,2023-08-21,T-Shirt,Clothing,West,647.17,127.29
1677,2023-08-21,LED Monitor,Electronics,West,478.63,116.19
2643,2023-08-21,Bookshelf,Furniture,North,191.15,5.79
2656,2023-08-21,Jeans,Clothing,East,119.98,26.71
1910,2023-08-21,Pen Set,Stationery,South,145.54,37.96
1842,2023-08-21,Whiteboard,Stationery,North,58.74,20.8
1565,2023-08-21,Notebook Pack,Stationery,South,117.56,33.13
1277,2023-08-21,Study Table,Furniture,North,328.72,14.38
3601,2023-08-21,Whiteboard,Stationery,North,137.6,34.46
1190,2023-08-22,Jeans,Clothing,North,88.58,-1.03
3677,2023-08-22,Wireless Mouse,Electronics,North,202.35,16.27
2299,2023-08-23,Sneakers,Clothing,West,168.3,-0.66
3617,2023-08-23,Bluetooth Speaker,Electronics,South,220.94,26.94
1596,2023-08-23,Bookshelf,Furniture,South,199.48,44.12
2008,2023-08-24,Whiteboard,Stationery,North,126.6,29.44
3612,2023-08-24,Sneakers,Clothing,East,74.92,20.33
2757,2023-08-24,Jacket,Clothing,West,103.26,25.1
1776,2023-08-24,Jeans,Clothing,South,95.01,22.29
1452,2023-08-25,Office Chair,Furniture,South,154.44,12.85
3289,2023-08-25,Office Chair,Furniture,North,132.25,30.12
2905,2023-08-25,Whiteboard,Stationery,West,120.71,33.87
2294,2023-08-25,Jeans,Clothing,South,260.6,46.76
3952,2023-08-26,Whiteboard,Stationery,South,73.5,13.21
3365,2023-08-26,Sneakers,Clothing,East,160.95,41.22
3609,2023-08-26,Bookshelf,Furniture,West,693.63,187.74
3335,2023-08-27,Bluetooth Speaker,Electronics,North,118.26,7.86
2233,2023-08-27,LED Monitor,Electronics,South,510.46,27.41
1728,2023-08-27,Jacket,Clothing,East,244.55,52.63
1854,2023-08-27,Whiteboard,Stationery,North,123.66,15.61
2485,2023-08-27,Jacket,Clothing,North,336.85,61.84
3151,2023-08-29,Sneakers,Clothing,West,45.01,12.59
1144,2023-08-29,Power Bank,Electronics,East,229.85,39.84
2991,2023-08-30,T-Shirt,Clothing,West,242.8,61.99
2666,2023-08-30,Notebook Pack,Stationery,West,190.55,68.28
1720,2023-08-30,Bluetooth Speaker,Electronics,West,101.87,9.33
1055,2023-08-30,Notebook Pack,Stationery,East,72.88,12.18
3457,2023-08-30,Bluetooth Speaker,Electronics,East,168.23,29.08
3500,2023-08-30,Jeans,Clothing,North,119.3,37.02
2801,2023-08-30,LED Monitor,Electronics,South,477.93,74.16
3192,2023-08-30,Wireless Mouse,Electronics,South,115.36,40.08
1157,2023-08-31,Bookshelf,Furniture,South,270.34,5.45
2852,2023-08-31,Pen Set,Stationery,East,309.64,103.55
2527,2023-08-31,Bookshelf,Furniture,East,488.27,-2.81
1946,2023-08-31,Sofa,Furniture,South,262.07,50.09
3903,2023-08-31,Study Table,Furniture,North,293.35,50.93
2151,2023-09-01,Jacket,Clothing,West,94.84,19.09
2365,2023-09-01,Jeans,Clothing,North,563.18,47.33
3332,2023-09-01,Whiteboard,Stationery,South,121.65,22.52
1043,2023-09-01,Whiteboard,Stationery,West,338.62,77.21
2481,2023-09-02,Jacket,Clothing,North,158.22,42.67
1380,2023-09-03,Pen Set,Stationery,East,119.8,38.29
3448,2023-09-03,LED Monitor,Electronics,North,250.39,38.85
2901,2023-09-03,Notebook Pack,Stationery,North,167.59,24.58
3990,2023-09-04,Sticky Notes,Stationery,South,302.52,67.37
1228,2023-09-04,Jacket,Clothing,South,265.73,35.1
1458,2023-09-04,Bookshelf,Furniture,North,140.55,35.35
3296,2023-09-05,Bluetooth Speaker,Electronics,North,118.07,8.92
1850,2023-09-06,Bluetooth Speaker,Electronics,West,147.07,17.45
1795,2023-09-06,Sofa,Furniture,South,220.48,58.83
3826,2023-09-07,Sofa,Furniture,North,151.91,21.02
1769,2023-09-07,Study Table,Furniture,North,124.13,5.9
2427,2023-09-07,Office Chair,Furniture,East,670.85,-24.62
2892,2023-09-07,Wireless Mouse,Electronics,North,186.55,30.92
2993,2023-09-08,Sticky Notes,Stationery,West,344.85,93.0
1721,2023-09-08,Whiteboard,Stationery,South,68.48,15.9
2833,2023-09-08,Wireless Mouse,Electronics,North,433.44,80.14
2578,2023-09-08,Notebook Pack,Stationery,East,35.57,16.83
2472,2023-09-08,T-Shirt,Clothing,South,191.34,56.29
2971,2023-09-08,Bluetooth Speaker,Electronics,East,573.49,120.9
1629,2023-09-09,Jacket,Clothing,East,153.65,27.36
1085,2023-09-09,Sticky Notes,Stationery,West,280.56,68.82
1516,2023-09-10,T-Shirt,Clothing,South,543.56,104.63
3402,2023-09-10,Jeans,Clothing,South,62.0,21.55
1361,2023-09-10,Pen Set,Stationery,North,224.08,47.06
1031,2023-09-10,LED Monitor,Electronics,West,306.39,33.11
1865,2023-09-10,Sticky Notes,Stationery,South,110.48,36.88
3359,2023-09-10,Sticky Notes,Stationery,South,110.61,30.96
1602,2023-09-10,Sofa,Furniture,South,105.7,2.69
1713,2023-09-10,T-Shirt,Clothing,West,71.57,21.45
2073,2023-09-11,Sofa,Furniture,North,97.73,27.16
3214,2023-09-11,Study Table,Furniture,South,83.9,-0.3
1271,2023-09-11,Jacket,Clothing,East,535.16,90.82
2101,2023-09-11,Whiteboard,Stationery,East,294.55,90.53
3774,2023-09-11,Sofa,Furniture,North,89.19,13.27
3926,2023-09-11,Bluetooth Speaker,Electronics,North,193.12,27.99
1479,2023-09-11,Bluetooth Speaker,Electronics,North,75.73,14.81
1293,2023-09-11,Whiteboard,Stationery,South,70.11,16.46
3390,2023-09-11,Bookshelf,Furniture,East,182.95,23.47
1363,2023-09-13,Jacket,Clothing,East,156.59,38.5
2274,2023-09-13,Office Chair,Furniture,North,308.2,66.37
3614,2023-09-13,T-Shirt,Clothing,South,343.74,68.48
1716,2023-09-13,LED Monitor,Electronics,East,215.45,62.97
2950,2023-09-14,Sneakers,Clothing,South,156.78,18.23
1862,2023-09-14,Wireless Mouse,Electronics,East,195.77,34.82
2724,2023-09-14,Notebook Pack,Stationery,North,133.77,22.18
2633,2023-09-15,Pen Set,Stationery,North,164.66,66.28
1493,2023-09-15,Sticky Notes,Stationery,East,448.26,43.49
1987,2023-09-16,Notebook Pack,Stationery,South,253.6,63.78
1685,2023-09-16,Study Table,Furniture,East,281.09,40.0
3257,2023-09-16,Pen Set,Stationery,South,512.02,104.12
2535,2023-09-16,Office Chair,Furniture,North,143.5,3.33
3961,2023-09-16,Study Table,Furniture,West,126.78,23.19
1181,2023-09-16,Sofa,Furniture,South,266.82,55.05
3973,2023-09-17,Whiteboard,Stationery,South,231.59,70.2
3986,2023-09-17,Bluetooth Speaker,Electronics,West,314.67,73.33
3790,2023-09-17,Sneakers,Clothing,North,156.84,45.37
3417,2023-09-17,T-Shirt,Clothing,North,176.5,32.7
3755,2023-09-17,Bookshelf,Furniture,South,105.58,19.69
2087,2023-09-18,Power Bank,Electronics,North,106.98,26.32
3658,2023-09-18,Notebook Pack,Stationery,East,172.79,37.29
1991,2023-09-18,Study Table,Furniture,North,130.32,13.9
2934,2023-09-18,Study Table,Furniture,North,472.95,72.41
3542,2023-09-18,Notebook Pack,Stationery,North,408.98,91.83
3786,2023-09-18,Jacket,Clothing,South,320.64,65.95
2572,2023-09-18,Power Bank,Electronics,East,279.72,54.16
2273,2023-09-18,Power Bank,Electronics,East,264.7,69.23
3325,2023-09-19,T-Shirt,Clothing,West,55.58,6.99
2599,2023-09-19,Study Table,Furniture,North,80.87,18.74
3413,2023-09-20,Study Table,Furniture,West,53.75,2.77
3216,2023-09-20,Bluetooth Speaker,Electronics,West,622.58,52.97
3143,2023-09-20,Sofa,Furniture,West,420.43,50.56
1264,2023-09-20,T-Shirt,Clothing,South,230.4,53.22
1417,2023-09-21,Power Bank,Electronics,East,132.21,22.27
2827,2023-09-21,Sticky Notes,Stationery,South,228.47,77.88
2239,2023-09-21,Pen Set,Stationery,South,146.46,13.69
2216,2023-09-21,Study Table,Furniture,South,254.15,21.57
3267,2023-09-21,Bluetooth Speaker,Electronics,East,340.32,54.75
1567,2023-09-22,Bluetooth Speaker,Electronics,West,82.3,8.52
3357,2023-09-23,Office Chair,Furniture,North,239.15,45.84
2487,2023-09-23,Power Bank,Electronics,South,235.74,-10.53
2559,2023-09-24,Sofa,Furniture,East,209.4,16.68
3088,2023-09-24,Jacket,Clothing,East,272.0,45.49
3088,2023-09-24,Jacket,Clothing,East,272.0,45.49
1203,2023-09-25,LED Monitor,Electronics,East,99.33,8.26
1505,2023-09-25,Bluetooth Speaker,Electronics,North,310.0,35.07
2329,2023-09-25,Sofa,Furniture,North,202.43,22.63
2903,2023-09-25,Bookshelf,Furniture,South,35.51,6.42
3940,2023-09-25,Sofa,Furniture,West,171.66,6.12
2416,2023-09-25,Wireless Mouse,Electronics,South,291.9,80.63
3958,2023-09-25,Sticky Notes,Stationery,North,196.81,24.93
1774,2023-09-25,Sneakers,Clothing,East,440.03,83.26
3984,2023-09-26,Study Table,Furniture,East,176.7,-9.14
1427,2023-09-26,Study Table,Furniture,South,152.13,24.15
1080,2023-09-27,Sneakers,Clothing,West,153.7,31.38
2679,2023-09-27,Wireless Mouse,Electronics,South,157.87,38.28
2946,2023-09-27,Wireless Mouse,Electronics,North,193.95,55.23
3813,2023-09-27,T-Shirt,Clothing,North,169.83,13.81
2021,2023-09-27,Whiteboard,Stationery,West,175.9,43.14
2704,2023-09-28,Bookshelf,Furniture,North,103.72,5.07
1003,2023-09-28,Study Table,Furniture,South,246.66,25.67
2730,2023-09-28,Jeans,Clothing,West,369.47,78.28
1081,2023-09-28,Bluetooth Speaker,Electronics,North,383.52,92.77
2483,2023-09-29,Jacket,Clothing,South,214.17,72.06
1453,2023-09-29,Sticky Notes,Stationery,South,175.35,48.81
2444,2023-09-30,Power Bank,Electronics,South,86.46,12.75
1897,2023-09-30,T-Shirt,Clothing,South,77.67,9.74
3709,2023-09-30,Whiteboard,Stationery,East,98.23,16.86
3581,2023-09-30,Bookshelf,Furniture,South,75.73,7.86
2756,2023-09-30,Office Chair,Furniture,West,422.17,76.92
1553,2023-09-30,Sticky Notes,Stationery,East,86.31,26.13
1888,2023-10-01,Notebook Pack,Stationery,South,171.11,21.57
1050,2023-10-01,Sofa,Furniture,West,99.95,13.18
2771,2023-10-01,Notebook Pack,Stationery,west,137.12,41.35
2474,2023-10-01,LED Monitor,Electronics,South,111.68,24.44
2394,2023-10-02,Pen Set,Stationery,South,417.01,151.35
2952,2023-10-03,Sofa,Furniture,South,160.82,19.36
2989,2023-10-03,Sticky Notes,Stationery,East,242.31,32.54
1934,2023-10-04,LED Monitor,Electronics,north,261.56,30.64
3165,2023-10-04,LED Monitor,Electronics,East,86.27,19.3
1026,2023-10-04,Wireless Mouse,Electronics,South,159.95,25.0
1535,2023-10-04,Jeans,Clothing,East,81.41,20.06
3907,2023-10-04,Power Bank,Electronics,East,248.07,24.74
3528,2023-10-04,Jeans,Clothing,North,82.56,13.07
1330,2023-10-04,Pen Set,Stationery,North,63.64,22.16
1308,2023-10-04,Sneakers,Clothing,North,431.0,50.17
2298,2023-10-05,Jacket,Clothing,South,270.32,65.07
3633,2023-10-05,Whiteboard,Stationery,West,58.85,13.67
2663,2023-10-05,Bookshelf,Furniture,East,118.8,13.09
3290,2023-10-06,Study Table,Furniture,East,294.82,61.87
3068,2023-10-06,Power Bank,Electronics,West,185.97,8.18
1551,2023-10-06,Sneakers,Clothing,East,302.92,70.92
1235,2023-10-07,Jeans,Clothing,West,125.15,35.81
3224,2023-10-07,T-Shirt,Clothing,East,245.77,69.65
2280,2023-10-07,Office Chair,Furniture,West,123.35,12.02
1351,2023-10-07,Wireless Mouse,Electronics,South,481.83,64.47
3648,2023-10-08,Jacket,Clothing,North,186.71,25.18
2295,2023-10-08,Jeans,Clothing,South,147.38,33.76
1824,2023-10-08,Notebook Pack,Stationery,North,92.97,33.72
1926,2023-10-09,Notebook Pack,Stationery,West,82.62,19.96
1730,2023-10-09,Sofa,Furniture,East,342.24,73.63
2977,2023-10-09,Jacket,Clothing,South,432.82,135.71
2097,2023-10-10,Wireless Mouse,Electronics,West,223.5,43.79
1327,2023-10-10,T-Shirt,Clothing,North,329.28,78.62
1178,2023-10-10,Notebook Pack,Stationery,South,148.7,32.63
3625,2023-10-10,Office Chair,Furniture,South,165.58,29.36
3962,2023-10-10,Bluetooth Speaker,Electronics,East,56.37,9.86
2957,2023-10-11,Jacket,Clothing,East,316.5,11.85
3502,2023-10-11,LED Monitor,Electronics,South,191.01,28.0
1332,2023-10-11,Wireless Mouse,Electronics,North,45.21,4.41
1465,2023-10-12,Bluetooth Speaker,Electronics,North,100.77,9.05
2682,2023-10-12,LED Monitor,Electronics,North,177.74,11.84
2197,2023-10-12,T-Shirt,Clothing,East,123.64,21.29
2698,2023-10-12,Bookshelf,Furniture,East,90.99,33.07
1511,2023-10-12,Study Table,Furniture,East,442.38,44.66
2261,2023-10-12,Wireless Mouse,Electronics,South,69.13,12.77
2171,2023-10-12,Sofa,Furniture,East,370.86,22.37
2201,2023-10-13,Jeans,Clothing,South,82.82,19.79
3300,2023-10-13,Notebook Pack,Stationery,North,486.42,106.16
2941,2023-10-14,Sneakers,Clothing,West,325.45,57.86
3273,2023-10-14,Sofa,Furniture,West,711.7,166.81
2324,2023-10-14,Notebook Pack,Stationery,South,94.81,24.04
3395,2023-10-14,LED Monitor,Electronics,West,166.02,42.63
3037,2023-10-14,Pen Set,Stationery,South,235.6,82.54
3576,2023-10-15,Sticky Notes,Stationery,South,389.15,83.61
2422,2023-10-15,Pen Set,Stationery,West,143.08,19.54
3577,2023-10-15,Whiteboard,Stationery,West,108.0,21.76
2861,2023-10-15,Pen Set,Stationery,South,126.93,26.55
1372,2023-10-15,Bookshelf,Furniture,East,460.85,-18.72
3232,2023-10-15,Study Table,Furniture,East,202.55,16.95
2244,2023-10-15,Study Table,Furniture,North,210.57,49.03
3591,2023-10-15,Power Bank,Electronics,North,276.96,43.91
2361,2023-10-16,Jacket,Clothing,West,137.88,46.6
3866,2023-10-16,Pen Set,Stationery,West,60.79,27.24
1478,2023-10-16,Wireless Mouse,Electronics,East,265.13,39.5
3360,2023-10-16,Jacket,Clothing,North,133.07,34.09
2063,2023-10-16,Power Bank,Electronics,West,255.01,44.34
1931,2023-10-16,Bookshelf,Furniture,West,203.29,17.29
2598,2023-10-16,Study Table,Furniture,South,510.92,120.74
2072,2023-10-16,Jeans,Clothing,North,311.35,85.01
1112,2023-10-16,Sticky Notes,Stationery,South,228.21,100.22
3086,2023-10-18,Study Table,Furniture,North,132.14,24.09
3129,2023-10-18,Office Chair,Furniture,East,83.89,18.19
2022,2023-10-18,Sticky Notes,Stationery,West,168.07,41.06
2096,2023-10-19,Jacket,Clothing,West,424.69,74.56
2342,2023-10-19,Jeans,Clothing,North,174.56,28.85
2500,2023-10-20,Jacket,Clothing,South,267.54,53.01
3180,2023-10-20,Jeans,Clothing,South,150.57,12.96
3102,2023-10-20,Office Chair,Furniture,South,733.45,90.99
2918,2023-10-20,Study Table,Furniture,South,164.63,16.16
2975,2023-10-20,Bookshelf,Furniture,East,403.67,-6.59
3005,2023-10-21,Sofa,Furniture,West,142.85,5.31
3898,2023-10-21,Sofa,Furniture,North,191.35,32.37
1234,2023-10-21,Office Chair,Furniture,east,662.97,74.5
2898,2023-10-22,Office Chair,Furniture,South,94.56,
2036,2023-10-22,Study Table,Furniture,North,395.59,36.65
3792,2023-10-22,Wireless Mouse,Electronics,East,318.6,78.52
2637,2023-10-22,Study Table,Furniture,South,65.82,6.62
2128,2023-10-23,Whiteboard,Stationery,East,130.24,36.55
2016,2023-10-23,T-Shirt,Clothing,South,38.18,8.36
2035,2023-10-23,Bookshelf,Furniture,South,86.81,10.6
1087,2023-10-23,Study Table,Furniture,East,325.41,27.1
2346,2023-10-23,Study Table,Furniture,West,325.83,65.31
2376,2023-10-23,Jacket,Clothing,North,108.81,27.41
2129,2023-10-24,Power Bank,Electronics,east,121.6,31.89
3945,2023-10-24,Bluetooth Speaker,Electronics,East,1242.97,386.36
3153,2023-10-25,Jacket,Clothing,North,260.89,75.44
2913,2023-10-25,Jacket,Clothing,North,306.24,64.93
1262,2023-10-25,Notebook Pack,Stationery,South,115.14,39.46
3103,2023-10-27,Bookshelf,Furniture,West,377.6,76.3
1969,2023-10-27,Notebook Pack,Stationery,North,215.58,49.0
1626,2023-10-28,T-Shirt,Clothing,North,323.79,55.84
2780,2023-10-28,Wireless Mouse,Electronics,South,170.24,59.05
2851,2023-10-28,Sticky Notes,Stationery,East,244.74,43.11
2588,2023-10-28,Pen Set,Stationery,North,186.84,33.28
2939,2023-10-28,Sticky Notes,Stationery,South,168.96,45.43
1515,2023-10-29,Pen Set,Stationery,West,163.6,44.91
3607,2023-10-29,Notebook Pack,Stationery,West,143.7,52.05
2514,2023-10-29,Bookshelf,Furniture,North,107.12,9.23
1354,2023-10-29,Study Table,Furniture,West,174.81,43.33
3668,2023-10-29,Whiteboard,Stationery,South,177.67,26.92
3780,2023-10-29,Jeans,Clothing,South,166.8,23.43
2107,2023-10-29,Jacket,Clothing,East,288.4,81.56
3226,2023-10-29,Office Chair,Furniture,East,90.05,8.52
3274,2023-10-30,Sofa,Furniture,East,119.43,11.85
1780,2023-10-30,Pen Set,Stationery,South,128.18,31.75
2940,2023-10-30,Jeans,Clothing,West,138.9,47.08
2718,2023-10-30,Jacket,Clothing,West,96.16,18.94
3750,2023-10-30,Study Table,Furniture,East,81.81,12.8
1868,2023-10-30,Office Chair,Furniture,East,51.74,4.98
3032,2023-10-30,Sneakers,Clothing,West,200.72,37.16
1270,2023-10-31,LED Monitor,Electronics,West,110.37,21.12
3040,2023-10-31,Bluetooth Speaker,Electronics,East,122.92,15.63
3101,2023-10-31,T-Shirt,Clothing,East,119.41,7.12
2198,2023-11-01,Wireless Mouse,Electronics,East,222.98,69.85
1411,2023-11-01,Bookshelf,Furniture,South,227.32,13.53
2963,2023-11-01,LED Monitor,Electronics,South,68.96,10.89
3084,2023-11-01,Whiteboard,Stationery,East,440.78,125.19
3854,2023-11-01,Bookshelf,Furniture,West,112.65,14.4
1678,2023-11-01,Pen Set,Stationery,East,219.78,68.53
2816,2023-11-01,Study Table,Furniture,South,235.84,25.76
1773,2023-11-02,Sofa,Furniture,North,97.25,19.49
2678,2023-11-02,Jeans,Clothing,North,328.41,15.42
2996,2023-11-02,Office Chair,Furniture,West,96.86,12.37
1789,2023-11-02,Wireless Mouse,Electronics,West,341.18,110.46
2862,2023-11-03,Wireless Mouse,Electronics,South,190.46,50.17
3938,2023-11-03,Bluetooth Speaker,Electronics,South,377.45,60.61
1794,2023-11-04,Study Table,Furniture,South,247.18,46.44
3009,2023-11-04,Sticky Notes,Stationery,West,258.71,73.18
3470,2023-11-04,Sticky Notes,Stationery,West,45.43,13.04
2859,2023-11-05,Wireless Mouse,Electronics,North,131.33,42.33
2739,2023-11-05,Jacket,Clothing,South,138.56,31.94
2143,2023-11-05,Sofa,Furniture,East,437.74,101.44
1020,2023-11-05,Wireless Mouse,Electronics,North,494.34,53.59
2795,2023-11-06,Notebook Pack,Stationery,West,184.83,56.49
2526,2023-11-06,Power Bank,Electronics,South,126.78,21.6
2353,2023-11-06,Bluetooth Speaker,Electronics,South,583.28,83.67
3023,2023-11-07,Wireless Mouse,Electronics,East,824.54,170.14
2468,2023-11-07,Jeans,Clothing,West,168.61,59.5
3275,2023-11-07,LED Monitor,Electronics,West,185.17,42.74
3324,2023-11-07,Sticky Notes,Stationery,East,159.86,
2868,2023-11-08,Bookshelf,Furniture,South,148.86,13.52
2360,2023-11-08,Bluetooth Speaker,Electronics,South,61.6,11.59
3150,2023-11-08,Bluetooth Speaker,Electronics,East,223.49,5.99
1882,2023-11-08,Office Chair,Furniture,South,225.94,60.87
2147,2023-11-09,Sticky Notes,Stationery,West,116.05,34.01
2955,2023-11-09,Whiteboard,Stationery,North,63.83,16.73
3794,2023-11-09,Jeans,Clothing,East,375.38,99.81
3845,2023-11-09,Power Bank,Electronics,North,296.02,22.62
2229,2023-11-09,Office Chair,Furniture,North,150.58,20.8
3735,2023-11-10,Notebook Pack,Stationery,West,188.79,57.72
2840,2023-11-10,Office Chair,Furniture,South,106.52,7.34
3847,2023-11-10,Sticky Notes,Stationery,North,236.68,61.43
1029,2023-11-10,Jeans,Clothing,East,121.2,14.97
3679,2023-11-10,Sneakers,Clothing,West,161.54,43.77
1029,2023-11-10,Jeans,Clothing,East,121.2,14.97
1408,2023-11-10,Wireless Mouse,Electronics,East,179.07,28.22
1929,2023-11-11,Sofa,Furniture,East,445.12,51.82
2583,2023-11-12,Bluetooth Speaker,Electronics,West,241.92,23.19
3330,2023-11-12,Office Chair,Furniture,North,104.17,11.76
1701,2023-11-12,Sticky Notes,Stationery,North,453.5,
1053,2023-11-12,Wireless Mouse,Electronics,North,382.96,101.66
2817,2023-11-13,Sofa,Furniture,East,90.16,11.1
2480,2023-11-14,Sofa,Furniture,East,380.47,80.53
2829,2023-11-14,Wireless Mouse,Electronics,North,269.53,50.03
2194,2023-11-14,Sofa,Furniture,West,72.47,3.54
2831,2023-11-14,T-Shirt,Clothing,South,80.47,16.86
2920,2023-11-14,LED Monitor,Electronics,South,145.49,26.82
1187,2023-11-14,Notebook Pack,Stationery,west,478.6,95.44
2402,2023-11-14,Office Chair,Furniture,East,63.67,1.14
2590,2023-11-14,Sticky Notes,Stationery,West,83.55,13.58
2007,2023-11-14,Jacket,Clothing,North,310.33,45.34
3728,2023-11-15,Whiteboard,Stationery,South,298.56,78.99
1999,2023-11-15,Notebook Pack,Stationery,North,64.04,17.22
2513,2023-11-15,Power Bank,Electronics,South,135.82,35.04
3546,2023-11-16,Sofa,Furniture,West,249.54,51.4
3215,2023-11-16,Bookshelf,Furniture,North,325.68,55.64
1983,2023-11-16,T-Shirt,Clothing,South,972.03,349.78
2772,2023-11-16,LED Monitor,Electronics,West,293.67,61.67
2017,2023-11-16,Sticky Notes,Stationery,North,112.3,43.09
1927,2023-11-16,Study Table,Furniture,North,357.18,45.69
3298,2023-11-17,Sneakers,Clothing,South,153.77,40.88
1392,2023-11-17,Wireless Mouse,Electronics,East,427.38,127.04
1998,2023-11-17,Sneakers,Clothing,West,208.17,38.94
1953,2023-11-18,Sneakers,Clothing,South,137.9,28.92
2594,2023-11-19,Pen Set,Stationery,West,160.1,25.29
1364,2023-11-19,T-Shirt,Clothing,South,162.93,17.47
1369,2023-11-19,Office Chair,Furniture,North,122.17,11.42
2561,2023-11-19,Power Bank,Electronics,West,182.07,58.5
3119,2023-11-20,Office Chair,Furniture,West,339.12,48.37
2498,2023-11-20,Notebook Pack,Stationery,North,172.63,56.92
3056,2023-11-20,Jeans,Clothing,North,352.52,26.44
2090,2023-11-20,Office Chair,Furniture,North,88.19,0.32
2667,2023-11-20,T-Shirt,Clothing,South,177.68,17.78
2119,2023-11-20,Whiteboard,Stationery,North,244.06,54.88
1489,2023-11-21,Study Table,Furniture,East,318.49,51.29
2651,2023-11-22,Sofa,Furniture,West,257.34,1.85
1244,2023-11-22,Pen Set,Stationery,East,146.4,21.89
3106,2023-11-22,Sneakers,Clothing,West,243.93,27.4
1971,2023-11-22,Power Bank,Electronics,West,291.05,103.52
3864,2023-11-23,Notebook Pack,Stationery,East,622.16,93.61
1624,2023-11-23,Jacket,Clothing,East,240.24,44.58
2189,2023-11-23,Jacket,Clothing,South,455.52,100.99
2577,2023-11-24,T-Shirt,Clothing,North,101.68,27.42
3092,2023-11-24,Sneakers,Clothing,West,119.77,17.91
2231,2023-11-24,Pen Set,Stationery,East,382.77,153.16
3556,2023-11-25,Pen Set,Stationery,West,93.51,30.13
3409,2023-11-25,Wireless Mouse,Electronics,South,94.32,2.74
2001,2023-11-25,Jacket,Clothing,South,347.98,78.62
2555,2023-11-25,T-Shirt,Clothing,South,230.06,86.24
2530,2023-11-26,Office Chair,Furniture,East,189.33,19.24
2253,2023-11-26,Office Chair,Furniture,South,114.13,13.97
1807,2023-11-26,Study Table,Furniture,West,434.94,-11.63
1689,2023-11-26,Wireless Mouse,Electronics,West,351.76,25.7
2398,2023-11-26,Jacket,Clothing,North,300.48,45.62
1168,2023-11-27,Jacket,Clothing,East,151.78,45.81
1012,2023-11-27,Notebook Pack,Stationery,West,318.51,34.42
3070,2023-11-27,Jacket,Clothing,East,71.57,7.52
2877,2023-11-28,Whiteboard,Stationery,East,421.03,97.87
2566,2023-11-28,Study Table,Furniture,East,60.19,-0.62
2915,2023-11-30,Power Bank,Electronics,East,233.85,69.84
3122,2023-11-30,Sofa,Furniture,West,121.27,9.42
2972,2023-11-30,Sticky Notes,Stationery,East,224.38,80.62
2009,2023-11-30,Notebook Pack,Stationery,North,373.07,88.23
1798,2023-12-01,Bookshelf,Furniture,West,161.25,9.64
1791,2023-12-01,Notebook Pack,Stationery,East,397.0,66.92
2896,2023-12-01,Sneakers,Clothing,West,267.94,-0.06
2429,2023-12-01,LED Monitor,Electronics,West,312.77,53.1
2660,2023-12-01,Sticky Notes,Stationery,West,162.02,47.26
3010,2023-12-02,Office Chair,Furniture,North,399.52,8.48
3717,2023-12-02,Pen Set,Stationery,East,345.33,69.48
3113,2023-12-02,Study Table,Furniture,South,120.95,9.94
3364,2023-12-02,Sticky Notes,Stationery,West,62.26,7.01
1492,2023-12-02,Sneakers,Clothing,South,129.47,31.24
2602,2023-12-02,Wireless Mouse,Electronics,South,769.76,190.52
1860,2023-12-03,Jacket,Clothing,North,336.86,64.92
3552,2023-12-03,Whiteboard,Stationery,North,244.88,62.16
2773,2023-12-04,LED Monitor,Electronics,South,189.44,54.16
1090,2023-12-04,Sofa,Furniture,South,222.67,39.34
1257,2023-12-04,Study Table,Furniture,North,515.0,64.74
3461,2023-12-04,Bookshelf,Furniture,North,308.93,42.06
1300,2023-12-04,Sofa,Furniture,West,222.63,22.62
2405,2023-12-05,Sneakers,Clothing,South,377.57,82.54
1616,2023-12-05,Jeans,Clothing,West,377.58,35.96
2489,2023-12-06,Power Bank,Electronics,North,169.09,15.22
1167,2023-12-06,T-Shirt,Clothing,North,343.27,56.72
1058,2023-12-06,T-Shirt,Clothing,East,78.1,15.11
3013,2023-12-07,T-Shirt,Clothing,South,271.83,65.47
1475,2023-12-07,Bookshelf,Furniture,East,379.03,48.77
3316,2023-12-07,Office Chair,Furniture,West,62.07,13.69
3329,2023-12-08,Bluetooth Speaker,Electronics,East,403.31,96.05
2183,2023-12-08,Sofa,Furniture,West,520.85,25.56
1620,2023-12-08,Bookshelf,Furniture,West,238.23,-7.97
3809,2023-12-08,Wireless Mouse,Electronics,North,186.28,
1557,2023-12-08,LED Monitor,Electronics,East,186.57,29.09
2322,2023-12-08,Sneakers,Clothing,West,226.2,80.36
3258,2023-12-08,Sticky Notes,Stationery,East,354.21,63.96
1410,2023-12-08,Whiteboard,Stationery,East,419.25,98.17
3105,2023-12-09,LED Monitor,Electronics,West,177.56,45.03
1021,2023-12-10,Bluetooth Speaker,Electronics,North,357.86,100.05
1101,2023-12-10,Jeans,Clothing,South,688.44,49.54
3072,2023-12-10,Bookshelf,Furniture,South,111.55,6.0
2764,2023-12-10,Power Bank,Electronics,West,301.55,80.65
3897,2023-12-10,Pen Set,Stationery,North,180.4,40.63
2506,2023-12-10,Power Bank,Electronics,East,158.98,37.11
2515,2023-12-10,Sofa,Furniture,South,146.13,19.8
3618,2023-12-11,Jeans,Clothing,West,186.39,21.2
3140,2023-12-11,Sofa,Furniture,South,157.52,21.35
3398,2023-12-11,Notebook Pack,Stationery,West,154.39,
2611,2023-12-11,Notebook Pack,Stationery,North,230.57,52.39
3034,2023-12-11,T-Shirt,Clothing,East,344.49,51.49
1266,2023-12-12,Wireless Mouse,Electronics,South,132.5,21.89
1437,2023-12-12,Sofa,Furniture,West,161.68,14.92
1249,2023-12-12,Sneakers,Clothing,West,173.78,25.57
1844,2023-12-12,Wireless Mouse,Electronics,East,68.25,4.7
2106,2023-12-12,Power Bank,Electronics,West,174.17,20.37
1056,2023-12-12,Pen Set,Stationery,West,104.82,31.65
2134,2023-12-12,Bluetooth Speaker,Electronics,East,132.81,45.21
2159,2023-12-13,Jacket,Clothing,South,259.61,41.24
3291,2023-12-14,Whiteboard,Stationery,West,129.12,29.14
1171,2023-12-14,Sofa,Furniture,North,305.68,27.37
1651,2023-12-14,Sneakers,Clothing,East,248.06,101.86
1764,2023-12-14,LED Monitor,Electronics,North,148.1,50.6
1696,2023-12-14,Sneakers,Clothing,North,137.66,15.68
2459,2023-12-15,Sticky Notes,Stationery,West,64.45,9.35
1352,2023-12-15,Notebook Pack,Stationery,East,169.22,38.1
1352,2023-12-15,Notebook Pack,Stationery,East,169.22,38.1
1246,2023-12-15,Bookshelf,Furniture,East,114.94,19.23
2747,2023-12-15,Office Chair,Furniture,West,265.34,27.24
2227,2023-12-15,Notebook Pack,Stationery,South,231.91,74.31
2019,2023-12-15,Jacket,Clothing,North,235.66,36.87
2591,2023-12-15,Power Bank,Electronics,West,94.31,19.67
3782,2023-12-15,T-Shirt,Clothing,North,164.35,50.89
3741,2023-12-16,Study Table,Furniture,East,318.79,31.97
3141,2023-12-16,Pen Set,Stationery,West,92.27,26.36
1424,2023-12-16,Power Bank,Electronics,North,55.12,2.59
1940,2023-12-16,Power Bank,Electronics,West,66.26,23.31
3543,2023-12-16,Jeans,Clothing,West,249.78,69.92
1856,2023-12-16,Jeans,Clothing,South,163.91,34.85
1942,2023-12-16,Whiteboard,Stationery,East,157.49,41.72
3575,2023-12-17,LED Monitor,Electronics,North,210.31,52.28
3144,2023-12-17,Office Chair,Furniture,South,110.39,21.05
3016,2023-12-18,Power Bank,Electronics,South,140.57,44.38
2867,2023-12-18,Wireless Mouse,Electronics,West,91.61,13.26
3544,2023-12-18,Study Table,Furniture,South,321.8,44.72
3240,2023-12-19,Bookshelf,Furniture,East,132.15,0.43
2876,2023-12-19,Sofa,Furniture,West,158.49,43.66
2605,2023-12-19,Bookshelf,Furniture,East,383.63,83.09
3236,2023-12-19,LED Monitor,Electronics,East,259.9,60.75
3637,2023-12-19,Pen Set,Stationery,North,270.99,76.8
3994,2023-12-19,Wireless Mouse,Electronics,west,90.2,20.49
3871,2023-12-20,Sneakers,Clothing,North,93.96,32.27
1399,2023-12-20,Office Chair,Furniture,North,298.13,67.58
3264,2023-12-20,Jacket,Clothing,South,240.34,53.17
2312,2023-12-22,Bookshelf,Furniture,West,147.49,
2614,2023-12-22,LED Monitor,Electronics,West,87.36,11.52
2118,2023-12-22,Jeans,Clothing,East,380.4,29.26
2632,2023-12-22,Office Chair,Furniture,North,182.28,33.78
3787,2023-12-22,Notebook Pack,Stationery,East,162.58,25.56
2856,2023-12-22,Wireless Mouse,Electronics,North,349.86,32.36
1480,2023-12-23,Jacket,Clothing,West,124.86,20.93
2557,2023-12-23,Sofa,Furniture,East,230.31,34.77
1690,2023-12-24,Sofa,Furniture,West,144.23,23.64
3017,2023-12-24,Bookshelf,Furniture,South,250.49,40.02
3421,2023-12-25,Bookshelf,Furniture,South,218.57,68.09
2296,2023-12-25,Wireless Mouse,Electronics,East,213.78,76.26
2821,2023-12-25,Notebook Pack,Stationery,North,76.78,29.88
1182,2023-12-25,Whiteboard,Stationery,North,105.85,16.67
2488,2023-12-25,Jacket,Clothing,West,228.14,42.75
3608,2023-12-26,Sticky Notes,Stationery,East,185.11,37.28
2187,2023-12-26,Sneakers,Clothing,West,142.36,33.5
2645,2023-12-26,Bookshelf,Furniture,East,168.8,36.93
1822,2023-12-26,Bluetooth Speaker,Electronics,South,180.63,44.86
3555,2023-12-26,Wireless Mouse,Electronics,West,149.76,14.55
1648,2023-12-27,T-Shirt,Clothing,West,175.65,28.22
2949,2023-12-27,Bookshelf,Furniture,West,160.69,5.37
3315,2023-12-27,Jacket,Clothing,East,187.55,35.2
3042,2023-12-27,Power Bank,Electronics,South,211.79,46.77
2179,2023-12-27,Study Table,Furniture,West,277.82,40.91
3161,2023-12-28,Office Chair,Furniture,South,129.77,24.1
3653,2023-12-28,Sneakers,Clothing,West,103.36,31.75
2627,2023-12-29,Notebook Pack,Stationery,South,106.51,27.13
2609,2023-12-29,Whiteboard,Stationery,West,227.66,32.74
2339,2023-12-29,Power Bank,Electronics,East,166.46,39.51
2108,2023-12-29,Jeans,Clothing,North,262.62,35.58
1886,2023-12-29,Sofa,Furniture,East,379.01,9.97
2883,2023-12-30,Notebook Pack,Stationery,East,103.09,14.66
2279,2023-12-30,Wireless Mouse,Electronics,North,94.88,16.52
3798,2023-12-30,Sofa,Furniture,North,60.17,8.83
3297,2023-12-30,Study Table,Furniture,North,187.87,39.65
2454,2023-12-30,Sticky Notes,Stationery,East,109.14,32.62
3108,2023-12-30,T-Shirt,Clothing,South,632.23,60.98
1324,2023-12-31,Study Table,Furniture,West,307.63,15.86
3069,2023-12-31,Sofa,Furniture,North,150.83,5.48
2649,2023-12-31,Jeans,Clothing,East,114.52,21.32
1878,2023-12-31,Bookshelf,Furniture,East,185.24,30.61
2368,2023-12-31,Notebook Pack,Stationery,West,335.58,75.41
1619,2023-12-31,Power Bank,Electronics,North,255.65,48.48
2529,2024-01-01,Sofa,Furniture,West,190.76,14.37
2774,2024-01-01,Sticky Notes,Stationery,West,835.77,46.61
3530,2024-01-01,Notebook Pack,Stationery,West,233.18,61.55
3974,2024-01-01,Wireless Mouse,Electronics,West,314.19,64.24
1573,2024-01-02,Bluetooth Speaker,Electronics,east,213.31,20.87
3647,2024-01-02,Bookshelf,Furniture,South,184.4,16.46
1060,2024-01-02,Jacket,Clothing,West,235.28,8.3
2968,2024-01-02,T-Shirt,Clothing,East,254.74,44.57
3550,2024-01-03,Pen Set,Stationery,North,314.14,104.09
1919,2024-01-04,Notebook Pack,Stationery,North,185.93,27.83
1656,2024-01-04,Study Table,Furniture,West,114.06,3.83
1548,2024-01-04,Study Table,Furniture,West,110.19,12.31
1428,2024-01-05,Study Table,Furniture,North,154.47,30.84
2825,2024-01-05,Wireless Mouse,Electronics,East,246.69,22.76
3567,2024-01-05,Sofa,Furniture,West,87.32,10.77
2343,2024-01-06,Jeans,Clothing,East,137.34,25.58
3855,2024-01-06,Office Chair,Furniture,South,137.22,36.63
2140,2024-01-06,Sneakers,Clothing,East,125.21,2.96
2899,2024-01-06,Office Chair,Furniture,North,61.08,5.48
2207,2024-01-06,Power Bank,Electronics,East,281.69,80.4
2439,2024-01-07,Office Chair,Furniture,East,63.38,4.4
1015,2024-01-08,Jacket,Clothing,North,74.28,9.09
1683,2024-01-08,T-Shirt,Clothing,East,273.24,64.47
3123,2024-01-08,LED Monitor,Electronics,West,397.39,66.72
1693,2024-01-08,Power Bank,Electronics,East,130.24,28.87
1347,2024-01-08,Pen Set,Stationery,West,190.72,65.36
1820,2024-01-09,Power Bank,Electronics,West,227.73,23.51
3220,2024-01-09,Wireless Mouse,Electronics,West,263.06,51.78
3572,2024-01-09,Notebook Pack,Stationery,South,141.34,55.19
1193,2024-01-09,Sofa,Furniture,East,174.85,35.16
1724,2024-01-09,Pen Set,Stationery,South,288.76,78.02
2410,2024-01-09,Sofa,Furniture,South,216.83,61.38
3011,2024-01-10,Notebook Pack,Stationery,East,333.07,68.5
2917,2024-01-10,Wireless Mouse,Electronics,North,218.12,46.45
1319,2024-01-10,Jacket,Clothing,West,266.06,85.36
2496,2024-01-11,Office Chair,Furniture,South,87.68,11.25
2010,2024-01-11,T-Shirt,Clothing,North,306.54,66.62
1532,2024-01-11,Bluetooth Speaker,Electronics,West,279.96,70.61
3914,2024-01-11,Whiteboard,Stationery,West,303.78,53.11
3159,2024-01-11,Office Chair,Furniture,East,73.97,9.33
2486,2024-01-12,Notebook Pack,Stationery,South,131.23,35.7
1177,2024-01-12,LED Monitor,Electronics,South,237.38,93.65
1930,2024-01-12,Whiteboard,Stationery,East,375.74,35.53
3687,2024-01-12,Office Chair,Furniture,North,87.24,6.24
3171,2024-01-13,Bluetooth Speaker,Electronics,East,164.96,28.76
2750,2024-01-13,Pen Set,Stationery,East,245.88,24.85
2124,2024-01-13,Jeans,Clothing,East,98.54,22.02
3564,2024-01-13,Bluetooth Speaker,Electronics,South,114.64,10.54
2318,2024-01-13,LED Monitor,Electronics,East,268.11,13.22
2026,2024-01-14,Wireless Mouse,Electronics,North,110.65,19.72
1113,2024-01-14,Power Bank,Electronics,East,96.24,13.32
3934,2024-01-14,Office Chair,Furniture,South,315.33,25.78
3422,2024-01-15,T-Shirt,Clothing,North,114.75,21.82
2221,2024-01-15,Jacket,Clothing,South,121.21,26.73
1500,2024-01-15,T-Shirt,Clothing,East,272.7,90.16
1094,2024-01-15,Wireless Mouse,Electronics,South,98.59,19.14
2510,2024-01-15,Wireless Mouse,Electronics,South,84.29,18.66
3366,2024-01-16,Study Table,Furniture,North,281.45,35.71
3058,2024-01-16,Whiteboard,Stationery,East,147.27,45.67
3920,2024-01-16,Office Chair,Furniture,North,155.52,13.97
2922,2024-01-16,LED Monitor,Electronics,South,63.88,5.33
3696,2024-01-16,Jacket,Clothing,South,67.9,10.53
2259,2024-01-16,Sneakers,Clothing,South,117.33,19.32
3255,2024-01-16,Notebook Pack,Stationery,West,133.37,19.48
2686,2024-01-16,T-Shirt,Clothing,North,113.18,15.28
3997,2024-01-17,Whiteboard,Stationery,East,130.45,35.03
2884,2024-01-17,LED Monitor,Electronics,North,190.08,24.19
3559,2024-01-17,Bookshelf,Furniture,East,299.46,33.3
3400,2024-01-17,Sticky Notes,Stationery,West,66.19,14.29
2714,2024-01-17,Power Bank,Electronics,South,156.88,25.32
2834,2024-01-18,Power Bank,Electronics,East,48.85,7.02
3910,2024-01-18,Office Chair,Furniture,East,198.63,56.36
1570,2024-01-19,Sticky Notes,Stationery,South,359.92,54.72
3007,2024-01-19,Bookshelf,Furniture,South,137.49,23.85
3856,2024-01-19,Sneakers,Clothing,West,699.0,108.88
1176,2024-01-20,Sofa,Furniture,East,423.59,54.22
1739,2024-01-20,Sofa,Furniture,South,370.27,95.07
3519,2024-01-20,T-Shirt,Clothing,West,161.76,29.88
3157,2024-01-20,Notebook Pack,Stationery,West,73.21,6.03
1218,2024-01-20,Jeans,Clothing,East,156.91,1.75
2267,2024-01-21,Wireless Mouse,Electronics,North,95.86,10.93
3444,2024-01-21,Sneakers,Clothing,West,179.52,27.54
2155,2024-01-21,Study Table,Furniture,West,445.78,91.33
1877,2024-01-21,Sofa,Furniture,West,151.89,25.01
1377,2024-01-21,Sofa,Furniture,West,177.17,3.62
1205,2024-01-21,Sneakers,Clothing,West,202.73,12.35
3959,2024-01-21,Bookshelf,Furniture,East,130.07,41.93
1024,2024-01-21,Sneakers,Clothing,South,136.03,5.56
2763,2024-01-21,Office Chair,Furniture,West,191.91,26.95
2722,2024-01-22,T-Shirt,Clothing,North,361.68,104.94
3960,2024-01-22,Sticky Notes,Stationery,South,398.45,118.19
1206,2024-01-22,Wireless Mouse,Electronics,East,157.17,32.26
2746,2024-01-22,LED Monitor,Electronics,East,102.54,14.17
1650,2024-01-22,Bookshelf,Furniture,South,140.05,-4.54
1068,2024-01-23,Notebook Pack,Stationery,North,148.88,42.23
1051,2024-01-23,Jeans,Clothing,North,535.34,103.24
2490,2024-01-24,Office Chair,Furniture,East,226.85,7.23
1777,2024-01-24,Wireless Mouse,Electronics,South,203.06,42.75
1714,2024-01-25,Office Chair,Furniture,North,210.23,36.0
3387,2024-01-25,Notebook Pack,Stationery,South,222.96,58.68
1070,2024-01-25,Bookshelf,Furniture,North,294.8,37.89
2839,2024-01-25,Notebook Pack,Stationery,South,247.31,56.27
2428,2024-01-26,LED Monitor,Electronics,West,246.73,55.83
3536,2024-01-26,Power Bank,Electronics,West,101.82,15.53
3906,2024-01-26,Sofa,Furniture,West,326.89,66.59
2226,2024-01-26,Jeans,Clothing,West,94.21,18.31
2055,2024-01-26,Study Table,Furniture,South,59.47,4.17
1965,2024-01-27,Bluetooth Speaker,Electronics,West,58.68,12.72
2784,2024-01-27,Bluetooth Speaker,Electronics,North,221.52,56.03
1310,2024-01-27,Office Chair,Furniture,North,289.53,66.28
1109,2024-01-27,Notebook Pack,Stationery,North,195.52,66.67
3373,2024-01-27,Sneakers,Clothing,West,245.73,63.9
1609,2024-01-28,Bookshelf,Furniture,South,222.04,46.4
1379,2024-01-28,Office Chair,Furniture,North,249.39,11.7
1441,2024-01-28,Bluetooth Speaker,Electronics,South,309.91,64.84
3491,2024-01-28,LED Monitor,Electronics,East,254.3,52.68
3674,2024-01-28,Bluetooth Speaker,Electronics,South,93.71,11.18
1137,2024-01-28,Bluetooth Speaker,Electronics,North,340.66,86.6
1908,2024-01-29,Bluetooth Speaker,Electronics,North,199.15,32.35
1537,2024-01-29,T-Shirt,Clothing,West,392.97,73.72
2625,2024-01-29,Power Bank,Electronics,North,92.98,16.52
2766,2024-01-30,Jacket,Clothing,North,120.89,
3468,2024-01-30,Bluetooth Speaker,Electronics,West,131.1,30.24
2573,2024-01-30,Jacket,Clothing,North,514.67,52.87
2942,2024-01-30,Study Table,Furniture,North,212.46,46.32
2271,2024-01-31,Wireless Mouse,Electronics,South,393.42,62.99
2109,2024-01-31,Study Table,Furniture,South,159.14,41.36
1563,2024-01-31,Sticky Notes,Stationery,West,64.96,2.68
1577,2024-01-31,Sofa,Furniture,North,396.0,63.41
1558,2024-02-01,Notebook Pack,Stationery,North,364.65,93.92
3067,2024-02-01,Power Bank,Electronics,North,91.46,15.2
3485,2024-02-01,Sofa,Furniture,North,346.91,50.0
3604,2024-02-01,Sticky Notes,Stationery,South,244.69,-4.7
1512,2024-02-01,Sneakers,Clothing,South,93.34,14.94
2460,2024-02-01,Sticky Notes,Stationery,East,168.58,51.25
2701,2024-02-01,Sneakers,Clothing,North,194.53,32.55
1590,2024-02-02,Study Table,Furniture,South,873.83,232.56
1307,2024-02-02,Jacket,Clothing,south,280.07,69.23
1136,2024-02-02,Whiteboard,Stationery,West,211.71,24.11
3116,2024-02-03,Sticky Notes,Stationery,North,162.0,35.75
3350,2024-02-03,Whiteboard,Stationery,West,137.53,29.18
2505,2024-02-03,Jeans,Clothing,South,84.6,28.49
3758,2024-02-03,Notebook Pack,Stationery,South,64.25,17.63
3834,2024-02-03,Pen Set,Stationery,South,211.13,83.97
3534,2024-02-03,T-Shirt,Clothing,East,416.72,99.24
3766,2024-02-04,Jacket,Clothing,East,239.88,68.28
1394,2024-02-04,Wireless Mouse,Electronics,East,328.41,46.11
3415,2024-02-04,Sticky Notes,Stationery,East,145.9,44.07
3815,2024-02-04,Sneakers,Clothing,North,38.51,11.76
1394,2024-02-04,Wireless Mouse,Electronics,East,328.41,46.11
3284,2024-02-04,LED Monitor,Electronics,West,302.6,60.54
2425,2024-02-05,Study Table,Furniture,East,348.92,11.57
3753,2024-02-05,Bluetooth Speaker,Electronics,North,172.41,30.46
2672,2024-02-05,Power Bank,Electronics,North,388.49,118.22
1778,2024-02-05,Sofa,Furniture,North,102.33,20.66
1806,2024-02-05,Sticky Notes,Stationery,East,246.65,67.46
1233,2024-02-05,Jeans,Clothing,South,199.85,37.17
2789,2024-02-05,Bookshelf,Furniture,East,189.31,18.01
1313,2024-02-05,Study Table,Furniture,South,141.33,18.37
2332,2024-02-05,Sofa,Furniture,North,116.65,6.04
1675,2024-02-06,LED Monitor,Electronics,South,51.0,9.54
1075,2024-02-06,Sticky Notes,Stationery,West,185.17,42.6
3582,2024-02-06,Power Bank,Electronics,South,212.95,36.35
2034,2024-02-06,Bluetooth Speaker,Electronics,South,144.98,18.82
2440,2024-02-06,Wireless Mouse,Electronics,West,114.33,15.76
1833,2024-02-07,Study Table,Furniture,West,311.85,42.38
1248,2024-02-07,Wireless Mouse,Electronics,North,160.69,27.07
1219,2024-02-07,Study Table,Furniture,East,205.43,38.94
1282,2024-02-08,LED Monitor,Electronics,North,243.09,60.24
2881,2024-02-08,Sofa,Furniture,South,154.88,9.07
3667,2024-02-09,Bookshelf,Furniture,East,312.94,16.49
1839,2024-02-09,Wireless Mouse,Electronics,West,180.28,28.01
3703,2024-02-09,Power Bank,Electronics,North,342.12,53.4
2133,2024-02-09,Sticky Notes,Stationery,West,160.47,25.62
1740,2024-02-09,Sofa,Furniture,South,334.02,11.56
3447,2024-02-09,LED Monitor,Electronics,West,377.32,61.05
3351,2024-02-09,Power Bank,Electronics,North,185.0,30.73
3303,2024-02-10,Bluetooth Speaker,Electronics,North,132.54,22.01
3327,2024-02-10,Bookshelf,Furniture,East,267.27,62.51
3730,2024-02-10,Jeans,Clothing,East,152.16,38.94
2358,2024-02-10,Sofa,Furniture,West,153.28,7.0
3629,2024-02-11,Bluetooth Speaker,Electronics,South,187.37,35.32
3320,2024-02-11,Bluetooth Speaker,Electronics,West,365.25,41.81
3111,2024-02-11,Bluetooth Speaker,Electronics,East,184.65,27.99
1123,2024-02-11,Sticky Notes,Stationery,South,111.43,28.16
2131,2024-02-11,Bluetooth Speaker,Electronics,East,229.89,33.23
1148,2024-02-11,T-Shirt,Clothing,East,186.79,53.13
1386,2024-02-12,Notebook Pack,Stationery,West,282.91,77.54
1691,2024-02-12,Whiteboard,Stationery,North,166.12,40.78
3522,2024-02-12,Wireless Mouse,Electronics,South,135.8,5.7
3806,2024-02-12,Bluetooth Speaker,Electronics,North,235.79,65.29
1657,2024-02-13,Jacket,Clothing,North,241.25,46.3
2842,2024-02-14,Bluetooth Speaker,Electronics,East,342.18,73.34
1972,2024-02-14,T-Shirt,Clothing,West,69.37,6.6
2028,2024-02-14,Jacket,Clothing,East,367.14,93.71
1185,2024-02-15,Study Table,Furniture,East,136.87,18.22
2093,2024-02-15,Wireless Mouse,Electronics,South,111.67,25.35
2071,2024-02-15,Bookshelf,Furniture,East,337.07,49.76
2658,2024-02-16,Whiteboard,Stationery,West,130.6,11.02
3644,2024-02-17,LED Monitor,Electronics,West,85.07,24.77
1531,2024-02-17,Bookshelf,Furniture,South,89.19,16.95
2471,2024-02-18,Bluetooth Speaker,Electronics,North,223.15,48.02
1023,2024-02-18,T-Shirt,Clothing,South,387.3,40.36
3588,2024-02-18,Whiteboard,Stationery,West,262.14,68.73
2653,2024-02-18,Study Table,Furniture,West,87.75,3.84
3808,2024-02-18,Whiteboard,Stationery,North,39.06,2.67
3027,2024-02-18,Notebook Pack,Stationery,East,249.0,52.24
1261,2024-02-19,Whiteboard,Stationery,East,196.85,48.3
1681,2024-02-19,Sofa,Furniture,South,312.42,32.84
1630,2024-02-19,Sticky Notes,Stationery,North,131.53,31.54
2475,2024-02-20,Jacket,Clothing,East,449.88,115.34
1227,2024-02-20,Sofa,Furniture,East,607.01,61.15
3510,2024-02-20,Jacket,Clothing,South,242.5,60.5
2823,2024-02-20,Pen Set,Stationery,East,359.35,81.45
1507,2024-02-21,Jeans,Clothing,South,83.63,11.05
3083,2024-02-21,Sticky Notes,Stationery,East,146.46,25.64
2897,2024-02-22,Study Table,Furniture,North,159.75,18.77
3685,2024-02-22,LED Monitor,Electronics,East,133.11,33.35
2240,2024-02-22,Bookshelf,Furniture,East,442.47,4.72
1523,2024-02-22,Notebook Pack,Stationery,North,293.94,17.26
2158,2024-02-22,Sticky Notes,Stationery,West,136.49,5.59
3205,2024-02-23,Bookshelf,Furniture,East,156.08,15.74
2003,2024-02-23,Office Chair,Furniture,West,167.37,3.87
3326,2024-02-23,Sneakers,Clothing,West,169.82,25.42
2546,2024-02-23,Whiteboard,Stationery,North,214.22,54.79
1111,2024-02-23,Sticky Notes,Stationery,East,140.12,33.87
2066,2024-02-24,Study Table,Furniture,West,627.02,150.62
1290,2024-02-24,LED Monitor,Electronics,North,478.13,101.97
3424,2024-02-24,Sticky Notes,Stationery,East,116.13,25.67
1533,2024-02-24,Jacket,Clothing,South,200.32,16.54
2891,2024-02-24,Jacket,Clothing,West,144.37,47.89
3133,2024-02-24,Whiteboard,Stationery,West,178.99,44.12
2136,2024-02-24,LED Monitor,Electronics,South,64.0,-1.59
3635,2024-02-25,Jacket,Clothing,South,303.93,54.89
3481,2024-02-26,Bluetooth Speaker,Electronics,South,251.05,31.21
1291,2024-02-26,Sticky Notes,Stationery,South,431.65,97.1
2041,2024-02-26,Sofa,Furniture,East,71.61,8.92
3426,2024-02-26,LED Monitor,Electronics,West,170.21,66.1
1787,2024-02-26,Sneakers,Clothing,East,176.41,38.96
2617,2024-02-26,Whiteboard,Stationery,West,247.4,17.58
1615,2024-02-26,Wireless Mouse,Electronics,North,189.38,38.49
3875,2024-02-27,Bluetooth Speaker,Electronics,South,247.87,43.96
3453,2024-02-27,Whiteboard,Stationery,South,136.85,55.65
2936,2024-02-28,Study Table,Furniture,West,421.19,62.98
2203,2024-02-28,Power Bank,Electronics,North,96.89,23.29
3242,2024-02-29,Study Table,Furniture,North,311.38,39.31
3858,2024-02-29,Whiteboard,Stationery,North,477.02,130.3
3492,2024-02-29,Power Bank,Electronics,East,100.71,22.99
2783,2024-02-29,Notebook Pack,Stationery,South,119.62,41.98
1922,2024-02-29,Power Bank,Electronics,South,261.33,50.11
2465,2024-03-01,Notebook Pack,Stationery,West,115.55,33.2
3841,2024-03-01,Sofa,Furniture,West,157.57,25.16
2624,2024-03-01,Sneakers,Clothing,South,350.74,28.79
3778,2024-03-01,Wireless Mouse,Electronics,East,584.06,33.86
3109,2024-03-02,Office Chair,Furniture,West,356.86,53.29
3936,2024-03-02,Power Bank,Electronics,East,234.71,27.69
3002,2024-03-02,Whiteboard,Stationery,South,178.27,45.56
3026,2024-03-02,Sticky Notes,Stationery,West,377.49,109.53
1503,2024-03-02,Jeans,Clothing,East,202.34,15.44
2815,2024-03-03,Jacket,Clothing,North,64.92,8.48
3004,2024-03-03,Power Bank,Electronics,East,242.55,56.25
1062,2024-03-03,Bluetooth Speaker,Electronics,North,110.92,27.45
3247,2024-03-03,Sticky Notes,Stationery,South,307.16,58.14
3340,2024-03-04,LED Monitor,Electronics,West,368.29,88.62
2494,2024-03-04,Whiteboard,Stationery,North,104.5,11.06
2199,2024-03-04,Notebook Pack,Stationery,North,333.02,106.08
2697,2024-03-05,Study Table,Furniture,East,200.7,18.58
2736,2024-03-05,Pen Set,Stationery,West,181.93,50.23
2142,2024-03-06,Study Table,Furniture,North,217.1,49.34
3203,2024-03-07,Office Chair,Furniture,East,112.9,24.33
2502,2024-03-07,Jeans,Clothing,South,158.55,2.5
3739,2024-03-07,Notebook Pack,Stationery,North,229.71,44.82
1474,2024-03-07,Notebook Pack,Stationery,North,102.94,35.11
1967,2024-03-10,Sticky Notes,Stationery,South,90.87,13.1
3592,2024-03-10,Wireless Mouse,Electronics,west,166.09,31.47
1792,2024-03-10,Bookshelf,Furniture,North,215.75,10.15
2192,2024-03-10,Bookshelf,Furniture,North,156.03,11.31
1785,2024-03-10,Power Bank,Electronics,East,276.71,61.55
1462,2024-03-10,Whiteboard,Stationery,East,56.55,17.89
3521,2024-03-10,Sofa,Furniture,West,157.09,4.29
2390,2024-03-10,Sofa,Furniture,North,286.92,31.51
3892,2024-03-10,LED Monitor,Electronics,South,132.82,19.01
3367,2024-03-11,Jeans,Clothing,North,409.2,94.66
3480,2024-03-11,Jacket,Clothing,West,426.91,100.02
2146,2024-03-11,Power Bank,Electronics,West,154.39,10.33
1002,2024-03-11,Sofa,Furniture,South,106.53,13.51
3533,2024-03-11,Notebook Pack,Stationery,West,58.32,7.49
3932,2024-03-11,Sneakers,Clothing,North,144.56,18.21
3624,2024-03-11,Pen Set,Stationery,South,323.69,89.71
2628,2024-03-12,Jacket,Clothing,south,550.45,92.42
3686,2024-03-12,Study Table,Furniture,South,180.07,17.99
1932,2024-03-12,Sticky Notes,Stationery,North,124.48,31.13
1745,2024-03-12,Pen Set,Stationery,East,94.49,11.47
1326,2024-03-13,Office Chair,Furniture,North,156.21,24.81
1771,2024-03-13,Sneakers,Clothing,South,108.54,13.77
3191,2024-03-14,Sticky Notes,Stationery,East,210.4,67.46
1229,2024-03-14,Whiteboard,Stationery,North,74.86,22.02
2512,2024-03-15,Sticky Notes,Stationery,East,119.23,22.28
2715,2024-03-15,Office Chair,Furniture,North,75.52,10.45
2484,2024-03-15,Notebook Pack,Stationery,South,341.04,49.51
1674,2024-03-16,Jacket,Clothing,West,71.83,6.2
1962,2024-03-16,Sneakers,Clothing,West,100.33,7.13
2069,2024-03-16,LED Monitor,Electronics,North,106.89,19.47
3213,2024-03-16,Bluetooth Speaker,Electronics,East,247.56,49.33
3827,2024-03-16,Sneakers,Clothing,North,105.57,13.81
1487,2024-03-17,Jacket,Clothing,South,173.73,31.18
3541,2024-03-17,Notebook Pack,Stationery,North,139.98,29.44
2303,2024-03-17,Sneakers,Clothing,North,186.39,37.98
1201,2024-03-17,Sneakers,Clothing,East,244.97,48.84
3269,2024-03-17,Sofa,Furniture,North,225.12,8.06
1928,2024-03-18,Sneakers,Clothing,South,61.79,15.4
2230,2024-03-18,Sofa,Furniture,East,139.54,32.67
2441,2024-03-18,Bookshelf,Furniture,West,191.28,15.6
1415,2024-03-19,Bookshelf,Furniture,North,133.19,27.32
2873,2024-03-20,LED Monitor,Electronics,North,266.6,34.48
1631,2024-03-20,Office Chair,Furniture,West,223.11,24.98
1564,2024-03-20,Bluetooth Speaker,Electronics,South,122.22,24.38
3152,2024-03-20,Notebook Pack,Stationery,North,130.09,44.79
3857,2024-03-20,Bluetooth Speaker,Electronics,North,331.23,26.56
1941,2024-03-21,Office Chair,Furniture,West,203.93,23.29
3278,2024-03-21,Notebook Pack,Stationery,West,196.1,43.11
1760,2024-03-21,Sofa,Furniture,North,216.98,-0.35
3924,2024-03-22,LED Monitor,Electronics,North,270.17,18.74
3386,2024-03-22,Sofa,Furniture,East,89.9,15.5
1793,2024-03-22,Jacket,Clothing,West,132.64,18.19
1456,2024-03-22,Office Chair,Furniture,West,186.05,32.11
2058,2024-03-23,Sticky Notes,Stationery,East,161.09,50.15
2648,2024-03-23,Bluetooth Speaker,Electronics,South,226.74,37.01
3511,2024-03-24,Notebook Pack,Stationery,North,144.04,44.9
2935,2024-03-24,Sticky Notes,Stationery,South,284.63,60.39
3317,2024-03-24,Study Table,Furniture,South,223.1,46.8
1761,2024-03-24,Wireless Mouse,Electronics,East,233.37,17.06
3660,2024-03-24,Study Table,Furniture,East,246.9,29.4
2467,2024-03-25,LED Monitor,Electronics,South,573.97,144.6
3093,2024-03-25,Power Bank,Electronics,South,356.34,13.51
1718,2024-03-25,Whiteboard,Stationery,East,152.86,31.3
2372,2024-03-25,T-Shirt,Clothing,East,251.79,55.18
1812,2024-03-25,Sneakers,Clothing,West,183.65,42.63
1639,2024-03-26,Bluetooth Speaker,Electronics,South,85.22,9.0
2247,2024-03-27,T-Shirt,Clothing,West,111.22,16.67
3156,2024-03-27,Bookshelf,Furniture,South,287.15,-1.55
1273,2024-03-28,Jacket,Clothing,West,80.5,5.06
1334,2024-03-28,Study Table,Furniture,North,102.82,30.11
3271,2024-03-28,Jeans,Clothing,South,555.56,55.05
1470,2024-03-28,Power Bank,Electronics,East,297.56,45.54
2721,2024-03-28,Bluetooth Speaker,Electronics,North,214.55,48.21
3957,2024-03-29,Pen Set,Stationery,North,125.72,32.01
2581,2024-03-29,Bluetooth Speaker,Electronics,North,179.06,28.26
3064,2024-03-29,LED Monitor,Electronics,North,363.56,55.92
3094,2024-03-29,Whiteboard,Stationery,North,288.35,110.68
1061,2024-03-30,LED Monitor,Electronics,South,105.75,11.9
3073,2024-03-30,Bookshelf,Furniture,South,386.49,88.98
2654,2024-03-30,Whiteboard,Stationery,North,127.59,17.75
3206,2024-03-30,Wireless Mouse,Electronics,South,193.92,26.42
3439,2024-03-30,Notebook Pack,Stationery,south,263.45,36.69
1568,2024-03-30,Whiteboard,Stationery,West,117.31,9.41
2330,2024-03-30,Sticky Notes,Stationery,East,97.36,18.55
2755,2024-03-30,Sofa,Furniture,North,332.1,26.85
3304,2024-03-31,Jeans,Clothing,West,235.91,27.6
1184,2024-03-31,Power Bank,Electronics,South,94.15,23.24
1647,2024-03-31,LED Monitor,Electronics,North,184.18,32.56
1082,2024-03-31,Bookshelf,Furniture,south,327.09,63.86
1538,2024-04-01,T-Shirt,Clothing,North,185.18,37.45
1755,2024-04-01,Whiteboard,Stationery,South,253.74,70.62
3405,2024-04-01,LED Monitor,Electronics,East,594.87,79.79
1750,2024-04-02,Office Chair,Furniture,North,125.53,16.31
2219,2024-04-02,Bookshelf,Furniture,North,146.62,12.27
3223,2024-04-03,Bookshelf,Furniture,North,107.81,19.68
1013,2024-04-03,Wireless Mouse,Electronics,East,153.28,17.9
3142,2024-04-03,Bluetooth Speaker,Electronics,West,191.74,21.94
2693,2024-04-03,Sofa,Furniture,North,239.76,39.2
2836,2024-04-03,Pen Set,Stationery,North,473.91,167.7
2711,2024-04-03,T-Shirt,Clothing,North,113.48,12.22
2011,2024-04-03,Bookshelf,Furniture,North,543.59,28.35
2117,2024-04-04,Office Chair,Furniture,North,123.54,33.69
2687,2024-04-04,Jacket,Clothing,East,182.44,17.03
2937,2024-04-04,Pen Set,Stationery,West,223.19,50.38
1317,2024-04-04,Sneakers,Clothing,West,208.08,33.07
3306,2024-04-04,LED Monitor,Electronics,East,134.26,36.38
1028,2024-04-04,Bookshelf,Furniture,East,269.57,46.04
1141,2024-04-05,Power Bank,Electronics,North,280.96,69.41
1734,2024-04-05,Bookshelf,Furniture,North,286.03,33.93
3632,2024-04-05,Pen Set,Stationery,South,128.99,25.43
1710,2024-04-05,Notebook Pack,Stationery,North,362.91,112.11
2127,2024-04-06,Sneakers,Clothing,South,271.58,67.19
3344,2024-04-06,Sneakers,Clothing,North,335.79,72.3
1131,2024-04-06,Jeans,Clothing,West,255.88,40.37
1083,2024-04-06,Sticky Notes,Stationery,West,92.43,25.42
3404,2024-04-07,Jacket,Clothing,West,59.15,11.78
3623,2024-04-07,Jeans,Clothing,West,248.87,-2.98
2569,2024-04-07,Pen Set,Stationery,West,56.41,16.17
3628,2024-04-07,Pen Set,Stationery,North,94.45,25.56
3557,2024-04-07,T-Shirt,Clothing,West,311.77,79.53
2793,2024-04-07,T-Shirt,Clothing,North,194.82,60.6
1245,2024-04-08,Notebook Pack,Stationery,South,237.98,61.46
3465,2024-04-09,Whiteboard,Stationery,North,749.08,192.33
3620,2024-04-10,Sofa,Furniture,East,133.3,15.01
2414,2024-04-10,Wireless Mouse,Electronics,East,103.0,12.24
3355,2024-04-10,Sneakers,Clothing,North,238.01,47.38
3323,2024-04-10,LED Monitor,Electronics,South,368.57,72.73
1835,2024-04-10,Sticky Notes,Stationery,West,536.63,168.4
1010,2024-04-11,T-Shirt,Clothing,West,260.57,96.78
3508,2024-04-11,Notebook Pack,Stationery,East,230.47,42.41
2652,2024-04-11,Whiteboard,Stationery,West,242.88,45.69
3394,2024-04-11,Bookshelf,Furniture,East,273.01,12.53
3397,2024-04-11,Jeans,Clothing,North,329.19,101.04
2364,2024-04-11,Jacket,Clothing,South,64.1,9.73
1954,2024-04-12,Pen Set,Stationery,South,255.94,58.54
3956,2024-04-12,Office Chair,Furniture,West,120.24,30.38
2251,2024-04-13,Jacket,Clothing,North,137.45,19.45
2176,2024-04-13,Whiteboard,Stationery,West,234.17,42.19
1579,2024-04-13,Jeans,Clothing,East,415.54,32.35
3702,2024-04-13,Jeans,Clothing,North,200.11,28.88
3121,2024-04-14,Bookshelf,Furniture,East,73.34,10.93
1318,2024-04-14,Whiteboard,Stationery,North,133.08,24.1
1916,2024-04-14,Wireless Mouse,Electronics,South,418.29,63.54
1396,2024-04-15,Sticky Notes,Stationery,East,135.21,35.98
3265,2024-04-15,Jacket,Clothing,South,707.9,156.72
3452,2024-04-15,Bluetooth Speaker,Electronics,north,300.38,53.98
2269,2024-04-15,Bluetooth Speaker,Electronics,South,153.33,32.62
1687,2024-04-15,LED Monitor,Electronics,West,67.87,9.47
1104,2024-04-16,Power Bank,Electronics,North,235.55,63.0
1196,2024-04-16,Bookshelf,Furniture,West,194.4,-4.19
3838,2024-04-16,Wireless Mouse,Electronics,East,101.52,17.78
1172,2024-04-17,Sneakers,Clothing,West,477.37,97.7
1297,2024-04-17,Office Chair,Furniture,West,459.21,
3665,2024-04-17,Wireless Mouse,Electronics,West,259.78,29.07
1259,2024-04-17,Notebook Pack,Stationery,North,103.25,28.74
3082,2024-04-17,Sneakers,Clothing,South,108.22,23.81
1900,2024-04-18,Power Bank,Electronics,North,310.31,36.44
2675,2024-04-18,Sticky Notes,Stationery,North,121.63,43.31
1873,2024-04-18,Bookshelf,Furniture,East,559.65,12.05
1438,2024-04-18,Power Bank,Electronics,South,72.72,17.32
1473,2024-04-18,Sofa,Furniture,West,133.8,16.79
1033,2024-04-19,Bookshelf,Furniture,East,580.43,95.88
2157,2024-04-19,Bookshelf,Furniture,East,150.61,0.23
1496,2024-04-19,LED Monitor,Electronics,South,337.31,59.23
2184,2024-04-20,Pen Set,Stationery,North,577.46,179.01
2224,2024-04-20,Pen Set,Stationery,East,211.98,50.76
3944,2024-04-20,Jeans,Clothing,East,163.59,29.92
2333,2024-04-20,Jeans,Clothing,North,134.89,40.65
1646,2024-04-20,Jeans,Clothing,North,92.27,27.5
1037,2024-04-20,Wireless Mouse,Electronics,West,223.87,34.03
3749,2024-04-20,T-Shirt,Clothing,South,95.13,13.25
1742,2024-04-20,T-Shirt,Clothing,North,158.81,31.0
2479,2024-04-21,Bookshelf,Furniture,East,302.5,20.37
1073,2024-04-21,Sofa,Furniture,South,419.82,53.51
3272,2024-04-21,Sofa,Furniture,South,473.06,0.35
1383,2024-04-21,Bluetooth Speaker,Electronics,North,468.78,81.91
2436,2024-04-21,Whiteboard,Stationery,West,94.28,21.84
2200,2024-04-21,Pen Set,Stationery,South,119.02,25.72
1345,2024-04-21,Notebook Pack,Stationery,East,59.86,20.59
2064,2024-04-22,Jacket,Clothing,East,211.52,33.79
2391,2024-04-22,LED Monitor,Electronics,South,104.44,25.02
2911,2024-04-22,LED Monitor,Electronics,North,270.7,17.6
1333,2024-04-25,Study Table,Furniture,East,599.57,76.76
3745,2024-04-25,T-Shirt,Clothing,West,125.75,25.38
3311,2024-04-25,Jeans,Clothing,South,235.47,61.58
1797,2024-04-25,Pen Set,Stationery,South,204.22,53.82
2369,2024-04-26,Bookshelf,Furniture,South,259.35,21.09
3065,2024-04-26,Study Table,Furniture,West,157.88,23.17
3372,2024-04-26,Bookshelf,Furniture,South,304.82,74.75
2696,2024-04-26,Whiteboard,Stationery,North,171.05,31.04
3662,2024-04-27,Bluetooth Speaker,Electronics,West,156.96,47.44
3434,2024-04-27,Study Table,Furniture,West,211.92,24.12
3196,2024-04-27,Whiteboard,Stationery,West,194.21,45.5
3368,2024-04-27,Jeans,Clothing,North,214.51,72.41
3523,2024-04-27,Office Chair,Furniture,North,220.35,31.98
2665,2024-04-28,Wireless Mouse,Electronics,South,309.28,6.19
1580,2024-04-28,Office Chair,Furniture,South,623.05,55.34
1893,2024-04-29,Jacket,Clothing,South,405.64,102.79
3947,2024-04-29,Wireless Mouse,Electronics,North,122.98,4.17
3430,2024-04-29,Jeans,Clothing,East,138.91,40.67
2982,2024-04-29,Bluetooth Speaker,Electronics,East,300.29,-0.2
1046,2024-04-29,Jacket,Clothing,North,127.11,25.1
2409,2024-04-29,Sticky Notes,Stationery,West,66.6,10.1
1147,2024-04-29,T-Shirt,Clothing,North,95.58,18.73
3965,2024-04-30,Whiteboard,Stationery,South,154.78,49.88
3571,2024-05-02,Whiteboard,Stationery,West,423.77,178.47
1762,2024-05-02,Sticky Notes,Stationery,West,385.09,63.14
3585,2024-05-02,Jeans,Clothing,East,76.79,9.48
1451,2024-05-02,Pen Set,Stationery,North,184.19,49.02
2702,2024-05-03,Power Bank,Electronics,North,73.32,6.99
2419,2024-05-03,Bookshelf,Furniture,North,207.08,37.01
1254,2024-05-03,Pen Set,Stationery,North,119.92,46.67
3055,2024-05-03,Jacket,Clothing,West,34.86,8.07
3333,2024-05-04,Notebook Pack,Stationery,West,65.01,19.93
2442,2024-05-04,Office Chair,Furniture,South,188.73,19.67
2545,2024-05-04,Jacket,Clothing,North,114.29,23.63
3863,2024-05-04,Bluetooth Speaker,Electronics,South,121.15,20.5
2988,2024-05-04,Sticky Notes,Stationery,South,252.14,68.44
1376,2024-05-04,Wireless Mouse,Electronics,North,163.62,36.42
1114,2024-05-04,T-Shirt,Clothing,North,211.51,20.78
2366,2024-05-05,Wireless Mouse,Electronics,South,274.22,72.33
2246,2024-05-05,Sofa,Furniture,South,244.01,27.91
3664,2024-05-05,Jeans,Clothing,East,157.41,32.45
3540,2024-05-05,Sticky Notes,Stationery,North,370.58,96.57
1601,2024-05-06,Sofa,Furniture,South,213.44,34.6
3843,2024-05-06,Pen Set,Stationery,South,401.52,43.93
2731,2024-05-06,Notebook Pack,Stationery,West,249.38,51.69
1022,2024-05-06,Sticky Notes,Stationery,North,132.82,42.27
2464,2024-05-07,Whiteboard,Stationery,West,175.51,42.59
2528,2024-05-07,Office Chair,Furniture,East,179.22,15.3
3458,2024-05-07,Study Table,Furniture,East,94.67,8.06
1529,2024-05-07,Pen Set,Stationery,South,258.27,79.95
1095,2024-05-07,Sneakers,Clothing,North,87.6,19.03
3060,2024-05-08,Sticky Notes,Stationery,North,145.54,47.16
2300,2024-05-08,Notebook Pack,Stationery,North,316.93,85.76
3412,2024-05-08,Wireless Mouse,Electronics,West,229.83,66.68
3880,2024-05-08,Sneakers,Clothing,West,107.61,25.66
3125,2024-05-08,Bookshelf,Furniture,East,309.96,68.19
2775,2024-05-09,Notebook Pack,Stationery,West,54.15,13.1
3019,2024-05-09,LED Monitor,Electronics,South,207.97,41.71
3001,2024-05-09,Jacket,Clothing,East,61.68,16.92
1618,2024-05-10,Whiteboard,Stationery,East,445.97,136.61
3466,2024-05-11,T-Shirt,Clothing,North,203.78,36.38
1200,2024-05-11,Whiteboard,Stationery,East,434.68,71.38
3085,2024-05-11,Jacket,Clothing,North,99.44,20.84
1353,2024-05-11,Notebook Pack,Stationery,West,128.03,32.68
3600,2024-05-11,T-Shirt,Clothing,East,481.18,66.07
2457,2024-05-11,Jacket,Clothing,North,154.13,37.65
1494,2024-05-11,Sneakers,Clothing,West,143.31,24.15
2400,2024-05-11,Sofa,Furniture,South,304.58,45.67
2964,2024-05-11,Study Table,Furniture,East,220.55,43.71
3107,2024-05-12,Pen Set,Stationery,South,71.08,13.48
2434,2024-05-12,Power Bank,Electronics,East,194.86,-0.17
2386,2024-05-12,Bookshelf,Furniture,South,168.33,21.59
1517,2024-05-13,Sticky Notes,Stationery,West,93.99,23.02
1107,2024-05-13,Power Bank,Electronics,North,418.97,57.89
3537,2024-05-13,Pen Set,Stationery,West,285.8,95.22
3720,2024-05-14,Jacket,Clothing,East,106.72,8.43
2277,2024-05-14,Sticky Notes,Stationery,South,158.04,65.87
1621,2024-05-14,Bookshelf,Furniture,South,122.87,26.09
3768,2024-05-14,Bluetooth Speaker,Electronics,South,671.05,-25.13
3308,2024-05-14,Sneakers,Clothing,East,48.17,5.03
2059,2024-05-14,T-Shirt,Clothing,South,134.43,32.11
3675,2024-05-14,Sneakers,Clothing,West,115.88,34.94
2248,2024-05-14,Jacket,Clothing,South,153.71,50.31
2168,2024-05-15,Office Chair,Furniture,North,143.93,23.66
2373,2024-05-15,Sneakers,Clothing,East,195.15,19.99
2761,2024-05-15,T-Shirt,Clothing,West,231.75,43.2
1527,2024-05-15,Notebook Pack,Stationery,East,82.05,18.21
2210,2024-05-16,Bluetooth Speaker,Electronics,South,25.75,4.97
1706,2024-05-16,Sofa,Furniture,West,207.98,22.9
2921,2024-05-16,Whiteboard,Stationery,South,193.41,47.19
1937,2024-05-17,Bluetooth Speaker,Electronics,East,155.08,38.66
1135,2024-05-17,Power Bank,Electronics,South,84.19,12.61
1122,2024-05-17,Whiteboard,Stationery,East,428.01,133.99
2048,2024-05-17,Office Chair,Furniture,East,271.09,60.19
2925,2024-05-18,Jeans,Clothing,East,246.53,61.0
1309,2024-05-18,Bookshelf,Furniture,North,125.86,25.07
1960,2024-05-18,Whiteboard,Stationery,North,95.42,32.82
3939,2024-05-18,Jacket,Clothing,West,155.83,29.51
1044,2024-05-19,Bookshelf,Furniture,South,90.32,2.09
3767,2024-05-19,LED Monitor,Electronics,North,125.43,34.96
3516,2024-05-19,Power Bank,Electronics,South,123.51,39.36
1653,2024-05-19,Notebook Pack,Stationery,West,234.5,82.83
3988,2024-05-20,Sofa,Furniture,North,59.26,1.94
2278,2024-05-20,Power Bank,Electronics,North,161.03,30.61
1388,2024-05-20,Pen Set,Stationery,North,642.06,159.68
2534,2024-05-20,Study Table,Furniture,North,110.1,24.56
1170,2024-05-20,Power Bank,Electronics,South,89.2,21.46
1889,2024-05-20,Sneakers,Clothing,South,238.25,35.75
1572,2024-05-20,LED Monitor,Electronics,South,182.38,24.39
2367,2024-05-21,Pen Set,Stationery,south,96.32,27.53
2723,2024-05-21,Power Bank,Electronics,East,201.89,76.26
1808,2024-05-22,T-Shirt,Clothing,North,136.96,18.55
3943,2024-05-22,Pen Set,Stationery,East,387.42,51.11
1887,2024-05-22,Notebook Pack,Stationery,South,360.6,103.96
1655,2024-05-22,Sticky Notes,Stationery,North,131.53,25.25
1063,2024-05-23,Whiteboard,Stationery,East,120.05,22.5
3212,2024-05-23,Whiteboard,Stationery,West,229.82,21.64
3309,2024-05-23,Pen Set,Stationery,East,99.2,23.15
3442,2024-05-24,LED Monitor,Electronics,East,156.39,40.83
3473,2024-05-24,Sticky Notes,Stationery,North,85.75,19.14
1296,2024-05-24,Office Chair,Furniture,West,293.26,2.28
1204,2024-05-24,Study Table,Furniture,West,176.67,26.56
1238,2024-05-25,Pen Set,Stationery,East,363.72,64.6
2974,2024-05-25,Wireless Mouse,Electronics,West,296.88,81.58
1250,2024-05-25,Bookshelf,Furniture,East,105.74,10.33
1986,2024-05-25,Jacket,Clothing,North,176.53,23.3
1738,2024-05-25,Bookshelf,Furniture,North,110.22,19.13
1035,2024-05-25,Whiteboard,Stationery,East,344.41,43.04
1623,2024-05-25,Sticky Notes,Stationery,South,140.13,34.78
1393,2024-05-26,Jacket,Clothing,West,182.84,24.27
2894,2024-05-26,Bookshelf,Furniture,West,238.79,33.1
2348,2024-05-26,Notebook Pack,Stationery,East,333.81,114.2
1340,2024-05-26,Jacket,Clothing,South,293.82,89.46
1445,2024-05-27,Sofa,Furniture,North,456.62,
1682,2024-05-27,Sofa,Furniture,East,388.75,79.93
2015,2024-05-27,Wireless Mouse,Electronics,North,81.84,12.31
1840,2024-05-27,T-Shirt,Clothing,North,158.72,35.48
2954,2024-05-27,Whiteboard,Stationery,South,410.53,93.18
2264,2024-05-28,Bookshelf,Furniture,North,84.59,11.68
3885,2024-05-28,Power Bank,Electronics,East,355.35,39.34
3639,2024-05-29,Whiteboard,Stationery,East,405.07,109.46
2843,2024-05-29,T-Shirt,Clothing,West,78.97,19.81
3659,2024-05-29,Bookshelf,Furniture,South,81.49,6.73
3286,2024-05-29,Sticky Notes,Stationery,East,111.42,24.41
3715,2024-05-29,Sneakers,Clothing,West,223.32,58.46
3712,2024-05-30,Bluetooth Speaker,Electronics,West,174.29,25.7
2882,2024-05-30,Sticky Notes,Stationery,West,204.34,27.26
2458,2024-05-30,Wireless Mouse,Electronics,East,93.43,17.47
1490,2024-05-30,Notebook Pack,Stationery,East,167.76,71.98
1939,2024-05-30,LED Monitor,Electronics,North,74.71,27.69
2699,2024-05-30,Study Table,Furniture,South,110.16,13.56
1336,2024-05-30,Office Chair,Furniture,South,125.57,9.78
2536,2024-05-31,LED Monitor,Electronics,North,97.63,19.49
2077,2024-05-31,Study Table,Furniture,North,141.82,17.23
3884,2024-05-31,Sneakers,Clothing,North,203.86,59.61
1612,2024-05-31,Sticky Notes,Stationery,East,131.31,43.56
3295,2024-05-31,Wireless Mouse,Electronics,West,117.76,19.84
3018,2024-05-31,Sofa,Furniture,South,99.52,3.37
3246,2024-05-31,Bookshelf,Furniture,South,48.08,-0.63
3396,2024-05-31,Bookshelf,Furniture,West,213.77,8.59
1348,2024-06-01,Sofa,Furniture,East,139.33,16.48
1741,2024-06-01,Bookshelf,Furniture,West,43.04,4.63
1924,2024-06-01,Power Bank,Electronics,West,81.74,15.78
3435,2024-06-02,Wireless Mouse,Electronics,South,249.44,50.02
3831,2024-06-02,Jeans,Clothing,East,183.18,52.81
2431,2024-06-02,Jacket,Clothing,East,318.94,56.39
1604,2024-06-02,Office Chair,Furniture,South,157.04,33.37
1821,2024-06-03,Whiteboard,Stationery,east,62.54,2.42
3545,2024-06-03,Office Chair,Furniture,East,256.58,44.03
3968,2024-06-03,Wireless Mouse,Electronics,South,239.02,61.56
2740,2024-06-03,Jeans,Clothing,South,1406.01,353.78
2909,2024-06-03,Study Table,Furniture,East,195.47,5.49
2292,2024-06-04,Notebook Pack,Stationery,North,230.59,70.69
2541,2024-06-04,Study Table,Furniture,North,209.24,31.02
1100,2024-06-04,Pen Set,Stationery,South,462.18,124.18
1100,2024-06-04,Pen Set,Stationery,South,462.18,124.18
2758,2024-06-04,Bluetooth Speaker,Electronics,South,281.89,89.15
2568,2024-06-04,Whiteboard,Stationery,West,545.54,168.89
3169,2024-06-04,Wireless Mouse,Electronics,East,194.8,22.41
3580,2024-06-05,Study Table,Furniture,West,128.68,29.44
2076,2024-06-05,Pen Set,Stationery,South,166.53,45.9
1482,2024-06-05,Bluetooth Speaker,Electronics,North,130.47,22.7
2266,2024-06-06,Bluetooth Speaker,Electronics,South,503.5,77.68
3579,2024-06-06,Study Table,Furniture,North,110.44,38.22
3208,2024-06-06,Whiteboard,Stationery,South,146.71,
3977,2024-06-07,Bookshelf,Furniture,South,139.87,11.56
2849,2024-06-07,Sticky Notes,Stationery,South,435.08,30.06
1843,2024-06-07,Power Bank,Electronics,South,260.51,37.18
2393,2024-06-07,Whiteboard,Stationery,West,120.01,15.11
2671,2024-06-07,Jacket,Clothing,North,99.62,28.66
2636,2024-06-07,Pen Set,Stationery,South,166.62,31.26
2729,2024-06-07,Bluetooth Speaker,Electronics,East,125.06,29.05
1154,2024-06-08,Pen Set,Stationery,North,69.54,11.93
1550,2024-06-08,T-Shirt,Clothing,south,288.0,70.8
2639,2024-06-08,Study Table,Furniture,South,134.3,28.28
1904,2024-06-08,T-Shirt,Clothing,West,368.59,105.39
1387,2024-06-08,Study Table,Furniture,West,144.11,4.53
3348,2024-06-09,Whiteboard,Stationery,West,71.18,14.38
2038,2024-06-09,Whiteboard,Stationery,North,273.68,92.0
2914,2024-06-09,Jeans,Clothing,South,309.54,63.43
2445,2024-06-09,T-Shirt,Clothing,East,94.57,23.24
1679,2024-06-09,Sticky Notes,Stationery,East,121.39,18.79
1880,2024-06-09,Office Chair,Furniture,North,113.07,19.51
1872,2024-06-09,Sofa,Furniture,North,329.65,41.0
3714,2024-06-09,Whiteboard,Stationery,North,215.64,52.68
3438,2024-06-09,T-Shirt,Clothing,North,181.26,14.45
2291,2024-06-09,Power Bank,Electronics,South,89.18,26.59
2752,2024-06-10,Office Chair,Furniture,West,248.32,24.36
2456,2024-06-10,Sticky Notes,Stationery,East,331.14,114.14
2726,2024-06-10,Office Chair,Furniture,East,347.06,33.53
2160,2024-06-12,Whiteboard,Stationery,South,275.82,68.17
3878,2024-06-12,Bluetooth Speaker,Electronics,West,280.99,3.1
2906,2024-06-13,Bookshelf,Furniture,South,148.22,12.36
3602,2024-06-13,Wireless Mouse,Electronics,West,120.43,22.01
1636,2024-06-14,Whiteboard,Stationery,East,222.37,52.65
3184,2024-06-14,Bookshelf,Furniture,East,444.82,125.63
3227,2024-06-14,Jacket,Clothing,East,445.93,35.96
2272,2024-06-15,LED Monitor,Electronics,North,135.5,30.94
1976,2024-06-15,Sofa,Furniture,East,69.84,3.96
1673,2024-06-15,Whiteboard,Stationery,North,177.57,60.04
2885,2024-06-15,Notebook Pack,Stationery,North,183.71,31.35
3384,2024-06-15,Jeans,Clothing,North,105.05,25.87
3908,2024-06-15,Pen Set,Stationery,East,258.88,32.77
3982,2024-06-16,Jeans,Clothing,East,179.88,36.84
3828,2024-06-16,Power Bank,Electronics,West,140.33,22.73
1838,2024-06-17,Jacket,Clothing,North,352.55,101.34
3619,2024-06-17,Power Bank,Electronics,North,393.3,74.91
2623,2024-06-18,Whiteboard,Stationery,West,231.64,29.52
3721,2024-06-19,Pen Set,Stationery,South,241.09,51.84
2749,2024-06-19,Study Table,Furniture,West,256.74,44.3
3699,2024-06-19,Jacket,Clothing,East,237.09,77.37
2152,2024-06-20,Jeans,Clothing,West,201.97,41.66
2571,2024-06-20,Sofa,Furniture,East,198.33,29.65
3374,2024-06-20,Study Table,Furniture,South,155.87,-0.09
2413,2024-06-20,Power Bank,Electronics,North,111.58,14.74
2850,2024-06-20,Sneakers,Clothing,North,104.76,22.9
3358,2024-06-20,T-Shirt,Clothing,North,290.12,50.24
1902,2024-06-20,Jacket,Clothing,South,69.95,5.37
3992,2024-06-20,Sofa,Furniture,South,227.22,14.48
3030,2024-06-21,Bluetooth Speaker,Electronics,South,195.95,31.79
2695,2024-06-21,Jacket,Clothing,West,50.63,11.63
2420,2024-06-21,Sneakers,Clothing,West,228.01,62.55
1385,2024-06-21,Whiteboard,Stationery,West,303.91,29.98
2712,2024-06-22,Pen Set,Stationery,South,348.42,107.28
3248,2024-06-22,Sofa,Furniture,East,100.45,-3.34
3126,2024-06-22,Notebook Pack,Stationery,East,195.0,44.46
2733,2024-06-22,LED Monitor,Electronics,North,161.19,40.49
3538,2024-06-23,Sofa,Furniture,South,203.02,10.53
1703,2024-06-23,T-Shirt,Clothing,South,176.02,21.36
2563,2024-06-24,Wireless Mouse,Electronics,East,151.21,7.22
1152,2024-06-24,Pen Set,Stationery,West,161.92,69.72
3621,2024-06-24,Power Bank,Electronics,East,117.52,10.23
3734,2024-06-25,Sticky Notes,Stationery,East,123.49,28.13
3288,2024-06-25,LED Monitor,Electronics,East,180.12,6.56
1799,2024-06-25,Study Table,Furniture,South,283.19,72.5
1947,2024-06-26,Wireless Mouse,Electronics,East,41.35,8.98
3383,2024-06-26,Whiteboard,Stationery,North,183.19,63.55
3801,2024-06-26,Study Table,Furniture,South,101.21,7.97
2778,2024-06-27,Study Table,Furniture,North,102.14,11.55
3975,2024-06-27,Jeans,Clothing,South,57.07,13.34
3596,2024-06-27,Jeans,Clothing,North,282.1,22.18
1501,2024-06-28,Sneakers,Clothing,West,187.42,20.09
3475,2024-06-29,Sneakers,Clothing,East,362.71,59.93
2470,2024-06-29,Study Table,Furniture,North,267.75,25.17
1810,2024-06-29,Bluetooth Speaker,Electronics,North,101.91,12.83
1846,2024-06-29,Sneakers,Clothing,West,235.03,50.56
3779,2024-06-30,Bookshelf,Furniture,East,162.54,15.68
1337,2024-06-30,Sofa,Furniture,West,78.6,9.79
2014,2024-06-30,Bookshelf,Furniture,West,252.76,33.27
1129,2024-06-30,Sofa,Furniture,West,552.67,18.2
1712,2024-06-30,Whiteboard,Stationery,East,90.56,25.36
3804,2024-07-01,Office Chair,Furniture,South,94.72,6.61
1950,2024-07-01,Bookshelf,Furniture,South,105.58,11.32
3270,2024-07-01,Jacket,Clothing,North,146.09,32.71
1542,2024-07-01,Sofa,Furniture,East,338.7,-5.5
2362,2024-07-01,Office Chair,Furniture,South,101.21,26.21
2260,2024-07-01,Study Table,Furniture,North,148.93,20.66
2866,2024-07-02,Sneakers,Clothing,East,806.9,255.36
2068,2024-07-03,Sneakers,Clothing,North,231.16,41.64
3307,2024-07-03,Bluetooth Speaker,Electronics,South,83.25,21.28
3548,2024-07-03,T-Shirt,Clothing,West,117.2,24.63
2102,2024-07-03,Notebook Pack,Stationery,North,126.54,34.7
2002,2024-07-03,Pen Set,Stationery,West,120.76,35.04
1984,2024-07-03,Sticky Notes,Stationery,South,251.94,68.95
1256,2024-07-04,Sneakers,Clothing,East,44.33,10.15
1476,2024-07-04,Sofa,Furniture,South,158.8,17.98
1767,2024-07-04,Sneakers,Clothing,North,193.92,38.39
2630,2024-07-04,Sticky Notes,Stationery,North,141.23,35.59
3419,2024-07-05,Jeans,Clothing,West,72.47,17.75
2293,2024-07-05,Sticky Notes,Stationery,South,300.47,66.09
2907,2024-07-05,LED Monitor,Electronics,East,103.27,11.54
2919,2024-07-06,Bluetooth Speaker,Electronics,North,324.12,73.48
2788,2024-07-06,LED Monitor,Electronics,South,208.21,19.97
2824,2024-07-06,Power Bank,Electronics,North,123.7,18.34
3484,2024-07-07,T-Shirt,Clothing,North,302.22,55.15
3955,2024-07-07,Jeans,Clothing,North,241.97,56.83
3482,2024-07-07,Study Table,Furniture,East,201.1,30.1
3929,2024-07-07,Bookshelf,Furniture,West,123.72,23.94
1140,2024-07-07,Sticky Notes,Stationery,North,182.72,37.18
2057,2024-07-07,Sneakers,Clothing,South,53.81,10.44
3231,2024-07-07,Office Chair,Furniture,South,94.9,17.78
3219,2024-07-07,Office Chair,Furniture,North,159.52,10.54
1921,2024-07-07,Power Bank,Electronics,South,137.42,26.02
1510,2024-07-09,T-Shirt,Clothing,South,311.24,78.28
1077,2024-07-09,Sneakers,Clothing,North,172.44,52.68
3821,2024-07-09,Whiteboard,Stationery,South,61.73,9.77
1166,2024-07-09,Sofa,Furniture,South,55.78,9.79
2966,2024-07-09,Jeans,Clothing,North,57.06,5.67
1661,2024-07-09,Sofa,Furniture,North,169.21,22.43
2621,2024-07-10,Sofa,Furniture,East,196.18,45.8
2610,2024-07-10,Office Chair,Furniture,South,208.37,5.68
1161,2024-07-10,Sneakers,Clothing,West,192.39,54.92
1711,2024-07-11,Whiteboard,Stationery,East,298.26,54.46
2336,2024-07-11,Sticky Notes,Stationery,South,563.27,102.58
2751,2024-07-11,Sneakers,Clothing,North,289.52,46.33
3760,2024-07-12,LED Monitor,Electronics,East,796.21,92.72
1979,2024-07-12,Pen Set,Stationery,North,80.12,20.15
3162,2024-07-12,Power Bank,Electronics,North,306.99,130.44
3951,2024-07-12,Wireless Mouse,Electronics,North,332.31,51.87
1449,2024-07-13,Sticky Notes,Stationery,West,154.03,48.06
3496,2024-07-13,Sticky Notes,Stationery,East,160.21,31.86
2188,2024-07-14,LED Monitor,Electronics,north,113.58,26.89
3336,2024-07-14,T-Shirt,Clothing,East,167.66,39.97
3195,2024-07-14,Power Bank,Electronics,East,95.04,13.16
3244,2024-07-14,Whiteboard,Stationery,South,594.37,149.36
1032,2024-07-14,Wireless Mouse,Electronics,West,222.69,24.71
3558,2024-07-14,T-Shirt,Clothing,North,53.78,6.02
3904,2024-07-14,Bookshelf,Furniture,West,220.96,19.21
3253,2024-07-15,Whiteboard,Stationery,West,125.68,41.97
2744,2024-07-15,Study Table,Furniture,East,79.95,19.99
1067,2024-07-15,Whiteboard,Stationery,East,140.01,39.41
2887,2024-07-15,Bookshelf,Furniture,East,134.43,25.18
3626,2024-07-15,Wireless Mouse,Electronics,East,108.87,11.66
1801,2024-07-16,Jacket,Clothing,North,96.45,12.93
1041,2024-07-16,LED Monitor,Electronics,West,42.8,8.57
3777,2024-07-16,Bookshelf,Furniture,West,107.49,3.31
1325,2024-07-16,Sofa,Furniture,South,63.53,8.37
3539,2024-07-16,Pen Set,Stationery,South,127.77,45.13
1571,2024-07-17,Office Chair,Furniture,South,454.64,99.01
1202,2024-07-17,Bookshelf,Furniture,East,268.85,53.17
2521,2024-07-17,Office Chair,Furniture,South,236.31,-18.64
2521,2024-07-17,Office Chair,Furniture,South,236.31,-18.64
1145,2024-07-17,Pen Set,Stationery,South,284.79,46.41
3476,2024-07-17,Whiteboard,Stationery,North,415.48,87.2
3124,2024-07-17,Pen Set,Stationery,West,103.32,22.04
1581,2024-07-18,Pen Set,Stationery,North,289.08,45.77
1747,2024-07-18,Sticky Notes,Stationery,North,193.76,42.76
1057,2024-07-18,Study Table,Furniture,North,135.79,25.81
3680,2024-07-19,Sneakers,Clothing,South,238.2,31.29
1367,2024-07-19,Bookshelf,Furniture,East,121.2,6.08
1071,2024-07-19,T-Shirt,Clothing,West,776.84,253.35
1684,2024-07-19,Jeans,Clothing,East,308.44,41.57
1216,2024-07-19,Office Chair,Furniture,East,123.52,13.69
3950,2024-07-20,Whiteboard,Stationery,South,466.44,86.93
1042,2024-07-20,Wireless Mouse,Electronics,East,278.85,25.73
2855,2024-07-20,Bookshelf,Furniture,West,416.02,21.14
2139,2024-07-20,Notebook Pack,Stationery,West,380.55,110.99
2595,2024-07-21,LED Monitor,Electronics,East,155.37,13.72
2399,2024-07-22,Bookshelf,Furniture,West,118.59,24.68
1584,2024-07-22,T-Shirt,Clothing,West,344.3,73.62
3800,2024-07-22,Office Chair,Furniture,East,212.71,19.75
2725,2024-07-23,Sofa,Furniture,North,86.03,3.79
1409,2024-07-23,Pen Set,Stationery,South,463.09,82.05
2694,2024-07-23,Study Table,Furniture,South,126.22,12.2
1368,2024-07-23,Jacket,Clothing,West,334.59,89.11
2522,2024-07-24,Office Chair,Furniture,East,121.82,13.87
3899,2024-07-24,Jeans,Clothing,North,292.57,53.31
2418,2024-07-24,Jeans,Clothing,East,205.32,41.23
2607,2024-07-24,T-Shirt,Clothing,North,262.29,93.62
3989,2024-07-24,Bookshelf,Furniture,North,76.3,20.27
2606,2024-07-24,Jeans,Clothing,South,74.98,18.69
1268,2024-07-25,Sofa,Furniture,West,85.46,11.08
2018,2024-07-25,Sneakers,Clothing,East,216.03,36.65
1419,2024-07-25,Notebook Pack,Stationery,South,127.06,23.87
2659,2024-07-25,Study Table,Furniture,south,198.13,19.04
3495,2024-07-25,T-Shirt,Clothing,West,105.46,23.93
2544,2024-07-26,Pen Set,Stationery,South,478.9,118.47
1859,2024-07-26,Pen Set,Stationery,North,201.47,54.84
3869,2024-07-26,Study Table,Furniture,West,380.83,28.0
3870,2024-07-26,Bookshelf,Furniture,West,105.96,4.21
3769,2024-07-26,Jacket,Clothing,North,63.73,22.68
1961,2024-07-27,Bluetooth Speaker,Electronics,East,511.22,57.32
3445,2024-07-27,Study Table,Furniture,North,152.17,21.06
1162,2024-07-27,Wireless Mouse,Electronics,West,497.62,40.02
2029,2024-07-27,Study Table,Furniture,South,100.49,3.3
1124,2024-07-27,Wireless Mouse,Electronics,West,145.95,34.5
3433,2024-07-27,Jacket,Clothing,South,263.51,39.3
3980,2024-07-28,Wireless Mouse,Electronics,South,233.3,43.51
2525,2024-07-28,Bookshelf,Furniture,South,162.42,38.96
3046,2024-07-28,Study Table,Furniture,West,150.77,14.09
2043,2024-07-28,Wireless Mouse,Electronics,South,308.94,40.56
1404,2024-07-28,T-Shirt,Clothing,South,105.54,40.16
1143,2024-07-28,Notebook Pack,Stationery,East,384.74,58.0
2150,2024-07-28,Bluetooth Speaker,Electronics,West,125.4,16.32
2956,2024-07-29,Sneakers,Clothing,West,175.77,31.58
2337,2024-07-29,Jeans,Clothing,South,262.66,44.47
2491,2024-07-30,Sticky Notes,Stationery,North,183.48,41.87
1506,2024-07-30,Jeans,Clothing,North,204.15,36.38
3883,2024-07-30,Jeans,Clothing,East,229.18,67.93
1783,2024-07-31,Bluetooth Speaker,Electronics,West,88.85,14.88
3353,2024-07-31,Power Bank,Electronics,North,43.09,14.97
3314,2024-07-31,Jeans,Clothing,North,83.7,8.42
1159,2024-07-31,Whiteboard,Stationery,West,471.43,112.3
2895,2024-07-31,Sofa,Furniture,East,505.53,67.75
2235,2024-08-01,Power Bank,Electronics,West,540.52,131.16
2054,2024-08-01,Power Bank,Electronics,South,265.03,
1306,2024-08-02,Office Chair,Furniture,North,163.83,35.55
1907,2024-08-02,Whiteboard,Stationery,North,268.82,101.3
3181,2024-08-02,Pen Set,Stationery,West,261.6,68.94
3376,2024-08-02,Sticky Notes,Stationery,North,123.43,49.77
2556,2024-08-02,Whiteboard,Stationery,West,154.94,45.21
3228,2024-08-02,Study Table,Furniture,West,112.19,6.72
3509,2024-08-03,Sneakers,Clothing,North,161.47,30.4
3781,2024-08-03,T-Shirt,Clothing,West,97.85,25.07
3193,2024-08-03,Notebook Pack,Stationery,South,323.75,104.87
3850,2024-08-03,T-Shirt,Clothing,East,182.23,54.84
1457,2024-08-03,Bluetooth Speaker,Electronics,South,263.11,49.8
2006,2024-08-03,Sofa,Furniture,South,159.8,6.83
1936,2024-08-04,Bluetooth Speaker,Electronics,West,514.81,95.32
3820,2024-08-04,Sticky Notes,Stationery,South,577.44,181.15
3788,2024-08-04,Power Bank,Electronics,West,141.78,32.35
3711,2024-08-05,Bluetooth Speaker,Electronics,North,157.45,31.62
3149,2024-08-05,Jacket,Clothing,West,274.49,80.1
3175,2024-08-06,Sticky Notes,Stationery,North,97.65,35.1
2765,2024-08-06,Bluetooth Speaker,Electronics,North,169.75,33.08
2734,2024-08-06,T-Shirt,Clothing,East,157.66,44.5
3656,2024-08-06,Power Bank,Electronics,West,305.35,30.7
2523,2024-08-06,Whiteboard,Stationery,West,493.05,181.26
3052,2024-08-07,Sofa,Furniture,West,129.77,14.66
2504,2024-08-07,Office Chair,Furniture,West,167.63,16.42
3047,2024-08-07,Office Chair,Furniture,West,254.16,39.21
3941,2024-08-08,Wireless Mouse,Electronics,West,117.38,10.69
3146,2024-08-08,Office Chair,Furniture,North,87.93,7.39
2655,2024-08-08,Office Chair,Furniture,North,428.44,79.83
3689,2024-08-09,Wireless Mouse,Electronics,West,55.41,2.19
1288,2024-08-09,T-Shirt,Clothing,North,270.29,27.85
2790,2024-08-10,Jeans,Clothing,West,221.01,52.81
2013,2024-08-10,Sofa,Furniture,East,411.65,43.57
3033,2024-08-10,LED Monitor,Electronics,East,185.1,30.13
3896,2024-08-10,Sneakers,Clothing,East,400.38,16.35
2319,2024-08-10,LED Monitor,Electronics,North,131.83,25.91
1598,2024-08-10,Sneakers,Clothing,West,231.79,28.82
2804,2024-08-11,Bookshelf,Furniture,South,158.72,7.42
3053,2024-08-11,Sticky Notes,Stationery,West,191.43,64.89
3137,2024-08-11,Jeans,Clothing,East,153.81,37.68
2635,2024-08-11,Wireless Mouse,Electronics,South,98.05,19.47
2206,2024-08-12,Sticky Notes,Stationery,East,560.2,222.72
3560,2024-08-12,Notebook Pack,Stationery,South,402.44,70.1
3210,2024-08-12,Bluetooth Speaker,Electronics,South,289.65,56.3
3449,2024-08-13,Office Chair,Furniture,South,187.48,
2741,2024-08-13,Jeans,Clothing,East,195.12,52.96
2947,2024-08-14,Power Bank,Electronics,East,86.83,17.26
2794,2024-08-14,Bluetooth Speaker,Electronics,South,195.77,45.42
2403,2024-08-14,Pen Set,Stationery,South,83.07,22.79
2281,2024-08-15,Sneakers,Clothing,East,22.64,2.6
3867,2024-08-15,Pen Set,Stationery,North,186.51,34.4
2585,2024-08-15,Jeans,Clothing,North,188.82,40.63
1108,2024-08-15,Notebook Pack,Stationery,West,186.98,33.12
3478,2024-08-16,Wireless Mouse,Electronics,East,382.93,69.7
3339,2024-08-16,Notebook Pack,Stationery,South,277.0,75.7
3724,2024-08-16,Jacket,Clothing,South,302.26,16.35
2437,2024-08-16,Study Table,Furniture,East,99.6,8.75
3066,2024-08-16,Office Chair,Furniture,East,99.15,6.19
1715,2024-08-16,Notebook Pack,Stationery,South,385.45,124.73
2863,2024-08-16,Sofa,Furniture,West,298.59,22.81
1920,2024-08-17,Bluetooth Speaker,Electronics,north,67.25,14.14
3825,2024-08-18,Wireless Mouse,Electronics,North,239.11,36.32
1555,2024-08-18,Office Chair,Furniture,North,118.3,13.01
1997,2024-08-18,Sneakers,Clothing,North,176.11,34.25
3802,2024-08-18,Jeans,Clothing,East,55.45,12.21
3948,2024-08-19,LED Monitor,Electronics,North,105.81,20.57
3217,2024-08-19,Power Bank,Electronics,North,171.94,38.13
3676,2024-08-20,Bluetooth Speaker,Electronics,North,254.47,39.95
3876,2024-08-20,Notebook Pack,Stationery,West,159.12,35.76
2075,2024-08-20,Whiteboard,Stationery,North,122.82,36.7
3865,2024-08-20,Sticky Notes,Stationery,East,101.69,23.41
3440,2024-08-20,LED Monitor,Electronics,North,88.75,16.09
3615,2024-08-20,Bluetooth Speaker,Electronics,South,118.08,10.68
3852,2024-08-21,Bookshelf,Furniture,North,335.8,15.74
2912,2024-08-21,Bluetooth Speaker,Electronics,South,65.95,13.37
2320,2024-08-21,LED Monitor,Electronics,North,96.35,20.33
3074,2024-08-23,Bluetooth Speaker,Electronics,South,196.03,22.47
2031,2024-08-23,Whiteboard,Stationery,North,587.04,114.09
3933,2024-08-23,Whiteboard,Stationery,South,127.34,4.61
1450,2024-08-23,Study Table,Furniture,South,203.5,14.11
1052,2024-08-23,Notebook Pack,Stationery,North,166.11,33.21
3765,2024-08-24,Notebook Pack,Stationery,West,589.88,193.2
2153,2024-08-24,Jeans,Clothing,north,258.26,66.09
3789,2024-08-24,Jacket,Clothing,South,240.65,27.32
2580,2024-08-24,Jeans,Clothing,East,303.24,82.97
3043,2024-08-24,T-Shirt,Clothing,North,66.79,10.61
1522,2024-08-24,Jeans,Clothing,East,212.26,22.37
3678,2024-08-24,Whiteboard,Stationery,West,217.35,62.5
2123,2024-08-26,Office Chair,Furniture,South,162.8,16.5
3919,2024-08-26,Jacket,Clothing,West,247.74,34.3
2238,2024-08-26,Whiteboard,Stationery,East,104.54,22.85
2716,2024-08-26,T-Shirt,Clothing,South,317.86,44.55
1435,2024-08-26,Study Table,Furniture,West,149.01,1.16
1836,2024-08-26,Pen Set,Stationery,East,253.78,36.92
1521,2024-08-27,Power Bank,Electronics,North,103.39,16.96
2738,2024-08-27,Wireless Mouse,Electronics,North,201.75,56.19
2948,2024-08-27,Jacket,Clothing,West,190.35,49.73
3081,2024-08-27,Pen Set,Stationery,South,106.41,24.38
1959,2024-08-28,Bookshelf,Furniture,North,205.39,15.75
2004,2024-08-28,LED Monitor,Electronics,South,476.97,74.02
2776,2024-08-29,Sneakers,Clothing,East,218.77,45.62
1356,2024-08-29,Bluetooth Speaker,Electronics,South,89.9,25.85
1514,2024-08-29,Study Table,Furniture,East,159.24,0.07
1943,2024-08-29,Sneakers,Clothing,East,184.86,57.21
3627,2024-08-29,Notebook Pack,Stationery,South,826.45,154.62
1488,2024-08-30,Notebook Pack,Stationery,East,125.4,26.86
1195,2024-08-30,Bluetooth Speaker,Electronics,North,363.28,-5.9
2889,2024-08-30,T-Shirt,Clothing,West,102.06,22.93
2476,2024-08-30,Whiteboard,Stationery,North,60.16,10.83
3380,2024-08-30,Office Chair,Furniture,West,259.68,
1240,2024-08-31,T-Shirt,Clothing,West,341.82,49.56
1331,2024-08-31,Bluetooth Speaker,Electronics,South,101.82,16.21
3416,2024-08-31,Wireless Mouse,Electronics,South,202.98,58.25
2237,2024-08-31,Study Table,Furniture,North,158.76,32.44
3882,2024-09-01,Sticky Notes,Stationery,West,56.99,10.46
2328,2024-09-01,Bluetooth Speaker,Electronics,West,85.33,11.42
3057,2024-09-01,Jacket,Clothing,North,131.19,32.48
2306,2024-09-01,LED Monitor,Electronics,South,223.18,28.98
1735,2024-09-01,Jacket,Clothing,East,414.71,122.24
1236,2024-09-01,Bookshelf,Furniture,North,173.36,14.92
2558,2024-09-01,Sofa,Furniture,South,185.17,-5.53
3879,2024-09-01,Study Table,Furniture,North,119.58,18.52
3901,2024-09-02,T-Shirt,Clothing,North,138.16,29.58
1263,2024-09-02,Jeans,Clothing,North,326.44,52.61
3185,2024-09-03,LED Monitor,Electronics,South,251.99,65.3
1477,2024-09-03,Power Bank,Electronics,East,203.1,38.88
3795,2024-09-03,Wireless Mouse,Electronics,East,171.54,49.58
1562,2024-09-03,Jeans,Clothing,North,201.88,44.69
3972,2024-09-04,Notebook Pack,Stationery,West,373.61,140.41
1923,2024-09-04,Jacket,Clothing,East,534.37,182.93
2395,2024-09-04,Bluetooth Speaker,Electronics,North,700.71,95.9
1208,2024-09-04,Pen Set,Stationery,South,954.53,278.66
2132,2024-09-04,Whiteboard,Stationery,East,120.52,27.59
2395,2024-09-04,Bluetooth Speaker,Electronics,North,700.71,95.9
1416,2024-09-04,Bookshelf,Furniture,North,342.82,48.59
1130,2024-09-04,Bookshelf,Furniture,West,363.5,19.42
1504,2024-09-04,Pen Set,Stationery,East,129.61,27.37
2000,2024-09-04,Office Chair,Furniture,West,69.69,8.93
3969,2024-09-04,Office Chair,Furniture,East,155.81,34.23
3262,2024-09-05,Jeans,Clothing,North,100.19,9.29
3062,2024-09-05,Wireless Mouse,Electronics,South,229.68,13.15
2443,2024-09-06,Bluetooth Speaker,Electronics,East,101.33,18.98
1008,2024-09-06,Sticky Notes,Stationery,West,179.32,39.56
3418,2024-09-06,T-Shirt,Clothing,East,251.52,76.85
2115,2024-09-07,Wireless Mouse,Electronics,West,210.69,23.46
2381,2024-09-07,Whiteboard,Stationery,South,141.64,44.06
2112,2024-09-07,T-Shirt,Clothing,East,515.78,128.83
2049,2024-09-07,Jacket,Clothing,South,153.05,23.13
2037,2024-09-07,Sneakers,Clothing,North,332.56,12.03
3561,2024-09-08,Wireless Mouse,Electronics,East,159.83,-1.82
2890,2024-09-08,LED Monitor,Electronics,North,110.97,9.9
1525,2024-09-08,Whiteboard,Stationery,West,252.81,37.73
2560,2024-09-08,Notebook Pack,Stationery,West,404.59,84.97
3817,2024-09-09,Bluetooth Speaker,Electronics,North,196.16,30.75
3807,2024-09-09,Jeans,Clothing,North,251.25,52.41
3277,2024-09-09,Sofa,Furniture,South,122.26,15.17
3971,2024-09-10,Jeans,Clothing,North,518.59,61.25
3772,2024-09-10,Sneakers,Clothing,North,156.3,29.99
3112,2024-09-10,Bluetooth Speaker,Electronics,East,146.03,34.1
3824,2024-09-10,Jeans,Clothing,North,44.27,9.24
2448,2024-09-11,Bookshelf,Furniture,South,342.48,51.83
2970,2024-09-11,Sofa,Furniture,East,287.45,27.71
1165,2024-09-11,Sofa,Furniture,South,189.91,25.1
1420,2024-09-11,Pen Set,Stationery,East,623.34,99.29
3520,2024-09-12,Notebook Pack,Stationery,East,188.54,61.63
3234,2024-09-12,Jacket,Clothing,East,136.92,30.76
3089,2024-09-13,T-Shirt,Clothing,South,252.96,79.78
2135,2024-09-13,Study Table,Furniture,North,236.05,45.9
2923,2024-09-14,Bluetooth Speaker,Electronics,East,217.71,27.46
3549,2024-09-14,Notebook Pack,Stationery,East,188.2,43.67
1885,2024-09-14,Pen Set,Stationery,East,81.17,10.89
2061,2024-09-14,Whiteboard,Stationery,South,106.85,29.61
3695,2024-09-14,Sneakers,Clothing,West,257.97,71.17
2114,2024-09-14,T-Shirt,Clothing,East,123.5,18.01
1918,2024-09-14,Whiteboard,Stationery,North,359.78,67.53
2356,2024-09-14,Bluetooth Speaker,Electronics,West,716.47,97.42
1938,2024-09-15,T-Shirt,Clothing,East,83.05,14.0
1267,2024-09-15,Jacket,Clothing,West,72.96,11.72
1779,2024-09-15,LED Monitor,Electronics,North,185.05,48.05
3477,2024-09-15,Whiteboard,Stationery,North,81.14,13.35
2258,2024-09-15,Pen Set,Stationery,West,56.1,17.15
3773,2024-09-16,Pen Set,Stationery,North,294.2,42.45
3486,2024-09-16,Jeans,Clothing,West,135.26,24.25
1289,2024-09-16,Power Bank,Electronics,East,94.71,13.59
1864,2024-09-16,Power Bank,Electronics,South,214.24,31.84
1209,2024-09-16,Sticky Notes,Stationery,East,299.32,98.64
1528,2024-09-17,LED Monitor,Electronics,East,139.21,27.72
1371,2024-09-17,Bookshelf,Furniture,North,176.3,45.8
3963,2024-09-17,Sneakers,Clothing,West,83.02,18.15
3587,2024-09-17,Bookshelf,Furniture,South,232.1,17.59
3292,2024-09-18,Sticky Notes,Stationery,North,49.1,14.0
2095,2024-09-18,Sofa,Furniture,West,71.17,17.48
3431,2024-09-19,Sticky Notes,Stationery,East,184.6,29.25
1180,2024-09-19,Whiteboard,Stationery,East,271.27,104.76
1287,2024-09-19,Sofa,Furniture,North,130.54,24.91
3918,2024-09-19,Pen Set,Stationery,West,540.21,
3747,2024-09-19,Office Chair,Furniture,North,216.88,45.39
3095,2024-09-20,Office Chair,Furniture,West,81.37,7.92
3861,2024-09-20,Bookshelf,Furniture,East,404.7,159.24
2430,2024-09-20,Sofa,Furniture,North,71.07,1.31
3472,2024-09-20,Pen Set,Stationery,East,188.82,37.99
2321,2024-09-20,LED Monitor,Electronics,South,531.92,65.78
3294,2024-09-21,Bookshelf,Furniture,West,110.29,4.08
2182,2024-09-21,T-Shirt,Clothing,West,133.25,17.75
3641,2024-09-21,Study Table,Furniture,West,88.35,13.63
3775,2024-09-21,Jacket,Clothing,North,218.67,71.93
2945,2024-09-21,Office Chair,Furniture,East,460.85,151.22
1892,2024-09-22,Bluetooth Speaker,Electronics,West,111.21,9.26
3200,2024-09-22,Jacket,Clothing,East,146.69,32.41
2858,2024-09-22,Sticky Notes,Stationery,West,323.47,71.21
3598,2024-09-22,Notebook Pack,Stationery,North,359.46,88.66
2965,2024-09-23,Pen Set,Stationery,South,80.44,12.26
3814,2024-09-23,Sticky Notes,Stationery,North,343.25,77.88
2284,2024-09-23,Pen Set,Stationery,South,66.69,15.87
3684,2024-09-24,Office Chair,Furniture,East,475.35,39.62
3280,2024-09-24,Notebook Pack,Stationery,East,130.29,49.33
1179,2024-09-24,Study Table,Furniture,South,128.9,1.27
3299,2024-09-24,Bluetooth Speaker,Electronics,West,327.94,51.66
3172,2024-09-24,Notebook Pack,Stationery,West,189.4,32.99
2335,2024-09-25,Bluetooth Speaker,Electronics,North,401.77,109.73
1610,2024-09-25,Pen Set,Stationery,South,267.09,84.83
1831,2024-09-25,T-Shirt,Clothing,North,169.81,13.36
1592,2024-09-25,Sticky Notes,Stationery,South,175.5,51.33
1444,2024-09-25,Sofa,Furniture,west,58.78,-0.5
2818,2024-09-26,Sticky Notes,Stationery,North,146.24,28.53
2078,2024-09-26,Office Chair,Furniture,East,199.6,33.63
2562,2024-09-26,Bluetooth Speaker,Electronics,North,270.8,64.54
1429,2024-09-27,Sticky Notes,Stationery,South,221.36,81.19
3221,2024-09-28,Sofa,Furniture,South,246.28,0.55
3173,2024-09-28,Jeans,Clothing,East,126.52,8.0
2902,2024-09-28,Office Chair,Furniture,North,641.72,103.4
3893,2024-09-28,Jeans,Clothing,South,195.25,41.98
2040,2024-09-28,Jacket,Clothing,North,113.9,11.07
1447,2024-09-29,T-Shirt,Clothing,West,265.27,57.35
1220,2024-09-29,Pen Set,Stationery,West,259.77,45.62
3791,2024-09-29,Bookshelf,Furniture,South,148.55,13.51
1643,2024-09-29,Sofa,Furniture,East,292.27,58.64
3606,2024-09-29,Study Table,Furniture,West,255.57,52.57
3008,2024-09-29,LED Monitor,Electronics,East,174.82,55.83
3833,2024-09-30,T-Shirt,Clothing,North,127.62,34.39
1374,2024-09-30,Notebook Pack,Stationery,North,416.63,89.54
1869,2024-09-30,Pen Set,Stationery,East,399.46,99.33
2161,2024-10-01,Pen Set,Stationery,West,244.01,49.03
3991,2024-10-01,Sofa,Furniture,North,191.01,26.71
1314,2024-10-01,Bluetooth Speaker,Electronics,North,266.69,60.49
1255,2024-10-01,Bluetooth Speaker,Electronics,North,200.5,36.73
1169,2024-10-01,Sofa,Furniture,West,55.35,6.62
3793,2024-10-02,Jeans,Clothing,North,173.88,14.28
1258,2024-10-02,Bookshelf,Furniture,South,118.31,11.1
2378,2024-10-02,Notebook Pack,Stationery,East,364.12,86.27
3071,2024-10-02,Bookshelf,Furniture,East,126.33,23.98
1442,2024-10-02,Sneakers,Clothing,West,220.17,71.28
3399,2024-10-03,Notebook Pack,Stationery,South,371.35,82.39
1214,2024-10-03,Whiteboard,Stationery,West,383.7,66.94
2973,2024-10-03,Bluetooth Speaker,Electronics,North,91.67,7.57
3245,2024-10-03,Bluetooth Speaker,Electronics,East,63.26,
1996,2024-10-03,Bookshelf,Furniture,East,176.85,22.57
2218,2024-10-04,Sticky Notes,Stationery,East,88.25,17.31
1132,2024-10-04,Jacket,Clothing,North,48.82,1.72
2904,2024-10-04,Jacket,Clothing,East,275.93,45.3
2870,2024-10-04,Sneakers,Clothing,North,137.29,17.64
2215,2024-10-05,Notebook Pack,Stationery,West,92.35,14.94
3138,2024-10-05,Sticky Notes,Stationery,South,275.12,44.5
3061,2024-10-05,Whiteboard,Stationery,North,137.66,30.0
3441,2024-10-06,Sticky Notes,Stationery,North,93.08,24.72
1841,2024-10-06,Study Table,Furniture,South,120.48,16.02
1970,2024-10-06,Sofa,Furniture,West,176.79,-3.68
3526,2024-10-06,T-Shirt,Clothing,East,140.41,41.89
3998,2024-10-06,Bookshelf,Furniture,East,190.32,5.79
1744,2024-10-06,Whiteboard,Stationery,East,133.05,25.4
2691,2024-10-07,Power Bank,Electronics,East,19.73,4.65
1163,2024-10-07,Jeans,Clothing,West,320.23,56.28
2053,2024-10-07,Office Chair,Furniture,North,417.67,69.49
2325,2024-10-07,Study Table,Furniture,East,246.22,55.86
1957,2024-10-07,Pen Set,Stationery,West,186.34,50.04
3610,2024-10-08,Sticky Notes,Stationery,East,224.61,27.1
1047,2024-10-08,T-Shirt,Clothing,East,145.49,29.28
3130,2024-10-09,Power Bank,Electronics,South,116.27,23.13
1103,2024-10-09,Notebook Pack,Stationery,North,766.48,154.4
3285,2024-10-09,Study Table,Furniture,North,118.7,24.54
1699,2024-10-09,Bluetooth Speaker,Electronics,North,220.34,8.7
3031,2024-10-09,Jacket,Clothing,West,37.2,10.88
3554,2024-10-09,Notebook Pack,Stationery,South,159.5,56.27
3239,2024-10-09,Bookshelf,Furniture,East,206.04,12.5
1617,2024-10-09,Study Table,Furniture,North,154.29,28.81
2086,2024-10-09,Office Chair,Furniture,West,300.03,25.13
3976,2024-10-10,Bookshelf,Furniture,West,110.66,11.88
2564,2024-10-10,Bluetooth Speaker,Electronics,East,297.34,64.69
1186,2024-10-10,Jeans,Clothing,South,119.84,27.09
3209,2024-10-11,Whiteboard,Stationery,East,214.24,38.48
3451,2024-10-11,Notebook Pack,Stationery,East,117.54,35.83
3900,2024-10-11,Bluetooth Speaker,Electronics,South,369.57,27.96
1992,2024-10-11,Bookshelf,Furniture,South,292.34,5.67
3532,2024-10-12,Notebook Pack,Stationery,North,180.2,49.75
1272,2024-10-13,Power Bank,Electronics,North,189.15,39.89
3570,2024-10-13,Jacket,Clothing,South,64.55,4.63
1606,2024-10-14,Bluetooth Speaker,Electronics,East,232.05,27.81
3370,2024-10-14,Power Bank,Electronics,North,142.05,40.24
3382,2024-10-14,Office Chair,Furniture,North,96.62,10.51
1641,2024-10-14,Jacket,Clothing,West,187.36,18.51
3038,2024-10-15,T-Shirt,Clothing,East,205.07,43.69
1395,2024-10-15,Sofa,Furniture,South,158.48,26.46
1982,2024-10-15,Sofa,Furniture,East,208.61,20.43
3310,2024-10-15,Study Table,Furniture,North,387.09,64.56
3913,2024-10-16,LED Monitor,Electronics,East,124.92,30.91
3076,2024-10-16,Study Table,Furniture,East,118.39,-4.25
1150,2024-10-16,Sticky Notes,Stationery,North,339.1,121.74
3204,2024-10-16,Whiteboard,Stationery,North,202.5,44.43
3839,2024-10-16,Pen Set,Stationery,South,81.41,11.0
2417,2024-10-16,Sofa,Furniture,East,227.18,3.35
1426,2024-10-17,LED Monitor,Electronics,East,55.41,4.86
1461,2024-10-17,Office Chair,Furniture,East,286.42,36.49
3287,2024-10-17,Pen Set,Stationery,West,249.0,75.66
1686,2024-10-17,Wireless Mouse,Electronics,East,136.11,33.41
3655,2024-10-17,LED Monitor,Electronics,North,535.5,81.64
1622,2024-10-18,LED Monitor,Electronics,West,246.04,52.89
1433,2024-10-18,LED Monitor,Electronics,East,278.35,34.53
2737,2024-10-18,Pen Set,Stationery,South,133.27,36.39
3283,2024-10-18,Whiteboard,Stationery,East,80.95,24.62
3135,2024-10-19,T-Shirt,Clothing,South,148.19,35.37
3218,2024-10-19,Whiteboard,Stationery,South,163.58,35.27
1597,2024-10-19,T-Shirt,Clothing,South,291.83,35.65
3385,2024-10-19,Jeans,Clothing,North,152.37,18.71
2720,2024-10-20,Notebook Pack,Stationery,South,45.83,10.92
1335,2024-10-20,Jeans,Clothing,West,55.03,6.35
1432,2024-10-20,Sneakers,Clothing,North,138.36,23.04
1672,2024-10-20,Study Table,Furniture,North,211.45,32.61
1279,2024-10-20,Sneakers,Clothing,East,129.52,25.78
1486,2024-10-20,Jacket,Clothing,North,200.35,37.51
1645,2024-10-21,Sticky Notes,Stationery,West,196.94,52.6
2099,2024-10-21,Whiteboard,Stationery,West,232.36,39.09
2798,2024-10-21,Sofa,Furniture,West,216.42,35.55
3756,2024-10-21,Notebook Pack,Stationery,North,95.38,15.31
1247,2024-10-21,Notebook Pack,Stationery,South,219.53,63.37
2099,2024-10-21,Whiteboard,Stationery,West,232.36,39.09
2524,2024-10-21,Bluetooth Speaker,Electronics,East,348.14,60.3
3201,2024-10-22,Sticky Notes,Stationery,East,154.89,26.5
3605,2024-10-22,Jacket,Clothing,South,153.76,23.96
2141,2024-10-22,Sneakers,Clothing,South,243.9,40.43
3450,2024-10-22,Notebook Pack,Stationery,North,93.31,17.32
2406,2024-10-22,Study Table,Furniture,North,106.11,24.14
1019,2024-10-23,Jacket,Clothing,West,235.37,19.35
3268,2024-10-23,Jacket,Clothing,South,98.45,11.31
3202,2024-10-23,Sofa,Furniture,East,168.75,1.04
2865,2024-10-23,T-Shirt,Clothing,East,407.76,104.85
2173,2024-10-23,Whiteboard,Stationery,West,315.51,72.77
1933,2024-10-23,Bookshelf,Furniture,West,187.38,42.04
3616,2024-10-23,Study Table,Furniture,East,339.69,10.28
1373,2024-10-24,Wireless Mouse,Electronics,South,231.76,16.91
3611,2024-10-24,Sofa,Furniture,South,235.69,
1817,2024-10-24,Power Bank,Electronics,North,216.59,
3393,2024-10-24,Bluetooth Speaker,Electronics,South,160.3,41.59
3312,2024-10-24,T-Shirt,Clothing,West,161.59,8.55
1545,2024-10-24,Study Table,Furniture,East,207.34,25.65
1192,2024-10-25,Bookshelf,Furniture,East,60.75,-0.86
2357,2024-10-25,Sneakers,Clothing,East,59.77,9.82
3803,2024-10-25,Sneakers,Clothing,West,167.58,38.24
1544,2024-10-25,Jacket,Clothing,South,440.01,90.03
3524,2024-10-25,Jeans,Clothing,North,239.48,34.95
3731,2024-10-25,Sofa,Furniture,North,224.41,27.02
1017,2024-10-25,Bookshelf,Furniture,East,265.01,45.66
3868,2024-10-25,Whiteboard,Stationery,South,62.31,15.47
3183,2024-10-25,Wireless Mouse,Electronics,North,292.5,85.87
1497,2024-10-25,Sticky Notes,Stationery,West,214.44,62.23
2164,2024-10-25,Pen Set,Stationery,North,149.66,44.33
1944,2024-10-25,Wireless Mouse,Electronics,North,131.34,22.7
2045,2024-10-26,Wireless Mouse,Electronics,North,160.69,39.34
2501,2024-10-26,Sticky Notes,Stationery,South,138.11,24.52
3584,2024-10-26,Office Chair,Furniture,South,287.17,52.92
1402,2024-10-26,T-Shirt,Clothing,North,889.44,117.06
3098,2024-10-26,Pen Set,Stationery,East,187.22,35.94
3996,2024-10-27,Bluetooth Speaker,Electronics,West,142.91,28.34
2174,2024-10-27,Jeans,Clothing,East,131.96,9.62
2302,2024-10-27,Jacket,Clothing,South,149.8,24.12
2149,2024-10-27,Study Table,Furniture,North,83.1,27.06
3321,2024-10-27,Study Table,Furniture,South,288.76,21.65
1879,2024-10-27,Whiteboard,Stationery,North,197.73,47.12
3842,2024-10-27,Pen Set,Stationery,North,356.99,81.9
2806,2024-10-27,Bluetooth Speaker,Electronics,West,139.49,20.09
2641,2024-10-28,Power Bank,Electronics,North,288.13,93.77
1827,2024-10-28,Power Bank,Electronics,North,123.15,11.16
2616,2024-10-28,Study Table,Furniture,South,186.92,35.04
1692,2024-10-29,Notebook Pack,Stationery,West,90.06,29.1
3127,2024-10-30,Notebook Pack,Stationery,North,163.53,32.78
3015,2024-10-30,Sofa,Furniture,South,137.8,-9.82
2062,2024-10-30,Jacket,Clothing,North,228.75,56.91
2629,2024-10-31,Whiteboard,Stationery,West,225.97,78.93
3723,2024-10-31,Notebook Pack,Stationery,North,189.71,48.64
2497,2024-10-31,Office Chair,Furniture,South,240.34,22.14
3983,2024-10-31,Sneakers,Clothing,East,267.44,39.2
3343,2024-10-31,Sneakers,Clothing,East,318.89,101.32
1321,2024-10-31,Office Chair,Furniture,East,164.93,5.2
2196,2024-10-31,T-Shirt,Clothing,East,132.48,38.75
1431,2024-10-31,Sticky Notes,Stationery,East,216.96,34.66
3279,2024-10-31,Jeans,Clothing,North,312.74,53.55
3134,2024-10-31,Office Chair,Furniture,North,213.7,10.69
3835,2024-11-02,Sneakers,Clothing,East,490.66,86.74
2792,2024-11-02,Office Chair,Furniture,East,219.33,19.67
1663,2024-11-02,Power Bank,Electronics,South,242.35,64.6
1829,2024-11-02,Study Table,Furniture,West,205.44,-6.24
1225,2024-11-02,Sofa,Furniture,South,163.1,21.14
2626,2024-11-02,Jacket,Clothing,East,266.79,46.22
3388,2024-11-02,Whiteboard,Stationery,South,55.75,12.54
1194,2024-11-02,Bluetooth Speaker,Electronics,South,81.31,7.28
3463,2024-11-02,Wireless Mouse,Electronics,South,486.5,88.99
2799,2024-11-03,T-Shirt,Clothing,South,112.15,19.45
2254,2024-11-03,Power Bank,Electronics,North,87.03,17.75
1286,2024-11-03,Office Chair,Furniture,South,143.26,16.91
1988,2024-11-03,Power Bank,Electronics,West,166.05,-1.97
3199,2024-11-03,Jacket,Clothing,West,227.28,44.78
1770,2024-11-04,T-Shirt,Clothing,South,213.54,48.27
1110,2024-11-05,Sticky Notes,Stationery,West,130.39,19.2
3352,2024-11-05,Notebook Pack,Stationery,North,177.74,51.05
2650,2024-11-05,Sneakers,Clothing,West,263.93,36.92
1499,2024-11-05,Wireless Mouse,Electronics,West,55.47,11.13
3237,2024-11-06,Bookshelf,Furniture,West,55.42,15.23
2684,2024-11-06,Office Chair,Furniture,South,166.67,25.28
1697,2024-11-06,Sneakers,Clothing,North,132.01,21.04
3569,2024-11-06,Jacket,Clothing,South,178.39,45.36
1670,2024-11-06,Sticky Notes,Stationery,North,148.9,27.86
3190,2024-11-06,Notebook Pack,Stationery,east,259.33,33.39
1536,2024-11-06,Power Bank,Electronics,west,208.07,38.22
2349,2024-11-06,Study Table,Furniture,East,326.31,54.72
2938,2024-11-06,Wireless Mouse,Electronics,West,231.25,61.42
1188,2024-11-07,T-Shirt,Clothing,North,133.99,32.2
2316,2024-11-07,Whiteboard,Stationery,South,386.03,74.71
1748,2024-11-07,Sticky Notes,Stationery,East,196.97,41.83
3338,2024-11-08,Sticky Notes,Stationery,West,278.64,57.0
2759,2024-11-08,Office Chair,Furniture,West,89.82,16.38
2214,2024-11-08,Bluetooth Speaker,Electronics,West,192.0,21.76
3894,2024-11-09,Pen Set,Stationery,South,131.19,30.76
3931,2024-11-09,Pen Set,Stationery,North,418.39,85.13
3921,2024-11-10,Office Chair,Furniture,East,139.01,48.25
3049,2024-11-11,Power Bank,Electronics,East,44.58,9.85
3874,2024-11-11,Sneakers,Clothing,West,210.91,43.67
1304,2024-11-11,Notebook Pack,Stationery,East,288.28,47.28
2608,2024-11-11,Sneakers,Clothing,East,368.44,32.26
1036,2024-11-12,Jacket,Clothing,West,188.61,48.66
3174,2024-11-12,Wireless Mouse,Electronics,South,280.42,55.39
1384,2024-11-12,Study Table,Furniture,East,199.88,43.57
1837,2024-11-12,Power Bank,Electronics,East,126.55,19.66
1160,2024-11-12,Sticky Notes,Stationery,South,269.97,83.78
1413,2024-11-12,LED Monitor,Electronics,East,242.71,11.61
2116,2024-11-13,Power Bank,Electronics,East,272.05,52.2
3634,2024-11-13,Office Chair,Furniture,East,127.21,4.42
2953,2024-11-13,Bookshelf,Furniture,North,150.91,16.23
1127,2024-11-14,Whiteboard,Stationery,East,107.16,7.63
1191,2024-11-14,LED Monitor,Electronics,West,162.33,31.77
1223,2024-11-14,Bookshelf,Furniture,South,225.65,37.41
2857,2024-11-15,LED Monitor,Electronics,South,621.42,129.57
2331,2024-11-15,Notebook Pack,Stationery,South,71.19,22.62
1662,2024-11-15,T-Shirt,Clothing,East,251.54,68.32
1758,2024-11-15,Sneakers,Clothing,South,208.07,57.72
2091,2024-11-15,Power Bank,Electronics,West,90.68,19.58
3160,2024-11-15,Wireless Mouse,Electronics,East,221.56,43.01
3740,2024-11-15,Sticky Notes,Stationery,East,157.68,31.57
1390,2024-11-15,LED Monitor,Electronics,North,191.44,65.29
3797,2024-11-16,T-Shirt,Clothing,East,23.21,4.43
2743,2024-11-16,Study Table,Furniture,North,547.68,40.05
3593,2024-11-16,Study Table,Furniture,South,214.46,-6.49
2811,2024-11-16,Sofa,Furniture,South,325.9,1.48
1370,2024-11-16,T-Shirt,Clothing,North,222.53,65.22
1040,2024-11-17,Whiteboard,Stationery,North,144.7,25.46
3194,2024-11-17,Whiteboard,Stationery,West,113.42,11.22
2681,2024-11-17,Bookshelf,Furniture,East,148.49,29.33
2708,2024-11-17,Notebook Pack,Stationery,North,142.37,28.45
2960,2024-11-17,Sticky Notes,Stationery,West,609.69,241.76
3051,2024-11-18,Whiteboard,Stationery,North,304.0,64.44
3970,2024-11-18,Power Bank,Electronics,South,159.15,41.79
2433,2024-11-18,Sticky Notes,Stationery,East,447.12,88.76
1316,2024-11-18,Power Bank,Electronics,East,865.39,168.69
2584,2024-11-18,Bookshelf,Furniture,North,97.89,0.41
1733,2024-11-19,Notebook Pack,Stationery,South,179.01,30.08
2180,2024-11-19,Wireless Mouse,Electronics,West,134.36,46.51
2540,2024-11-19,Wireless Mouse,Electronics,East,199.15,39.36
2888,2024-11-19,Sticky Notes,Stationery,West,364.3,113.67
2492,2024-11-19,Sneakers,Clothing,South,199.28,10.75
1540,2024-11-19,Sneakers,Clothing,West,59.1,11.46
3428,2024-11-20,Jeans,Clothing,West,187.97,13.38
2547,2024-11-20,LED Monitor,Electronics,South,213.53,45.91
1498,2024-11-20,Bookshelf,Furniture,South,211.25,14.83
2828,2024-11-20,Jacket,Clothing,South,196.13,6.73
3401,2024-11-20,Study Table,Furniture,North,474.42,79.61
1989,2024-11-20,Notebook Pack,Stationery,West,906.76,180.77
3830,2024-11-20,T-Shirt,Clothing,West,149.75,44.62
1502,2024-11-21,Study Table,Furniture,South,250.87,73.99
2985,2024-11-21,Pen Set,Stationery,North,116.76,41.75
2786,2024-11-21,Whiteboard,Stationery,East,92.27,18.77
1142,2024-11-21,Pen Set,Stationery,South,187.86,43.1
2039,2024-11-21,Wireless Mouse,Electronics,East,292.39,
1198,2024-11-22,Pen Set,Stationery,East,158.08,41.88
1866,2024-11-22,Pen Set,Stationery,East,229.37,58.06
1925,2024-11-22,Pen Set,Stationery,South,33.4,7.37
1412,2024-11-22,Pen Set,Stationery,South,130.97,23.98
1587,2024-11-23,Bookshelf,Furniture,East,240.48,47.72
2748,2024-11-23,Whiteboard,Stationery,North,134.75,29.07
3573,2024-11-23,T-Shirt,Clothing,North,246.26,34.02
2341,2024-11-23,Power Bank,Electronics,West,474.26,79.88
2990,2024-11-23,Bookshelf,Furniture,South,91.85,23.1
3460,2024-11-23,Jeans,Clothing,East,135.09,32.88
2612,2024-11-23,Study Table,Furniture,West,299.6,74.02
1549,2024-11-25,LED Monitor,Electronics,North,99.74,17.18
2860,2024-11-25,Notebook Pack,Stationery,West,381.23,136.88
1823,2024-11-26,Sticky Notes,Stationery,East,231.37,33.96
3823,2024-11-26,Power Bank,Electronics,East,333.83,47.7
2083,2024-11-26,Office Chair,Furniture,West,68.83,14.03
3638,2024-11-26,Sofa,Furniture,East,277.83,12.55
1464,2024-11-27,Study Table,Furniture,North,148.12,18.16
2482,2024-11-27,Sofa,Furniture,East,203.52,20.02
3693,2024-11-28,Pen Set,Stationery,West,164.12,55.87
1403,2024-11-28,Jacket,Clothing,North,360.69,91.47
1700,2024-11-28,Notebook Pack,Stationery,West,237.27,39.66
2593,2024-11-28,T-Shirt,Clothing,South,297.8,65.66
3718,2024-11-28,Whiteboard,Stationery,North,28.97,8.62
1156,2024-11-29,Sticky Notes,Stationery,North,117.88,23.28
1211,2024-11-29,Wireless Mouse,Electronics,North,398.75,130.69
1559,2024-11-29,Power Bank,Electronics,East,219.28,44.69
1881,2024-11-29,Whiteboard,Stationery,East,183.59,46.85
1358,2024-11-30,Office Chair,Furniture,West,328.39,36.66
2845,2024-11-30,Office Chair,Furniture,North,287.7,48.95
2262,2024-11-30,Bookshelf,Furniture,North,144.95,28.01
3225,2024-11-30,Notebook Pack,Stationery,East,166.17,35.39
2647,2024-11-30,Power Bank,Electronics,East,201.91,9.78
3467,2024-11-30,Notebook Pack,Stationery,East,415.96,168.75
1038,2024-11-30,Sofa,Furniture,North,248.21,45.1
2618,2024-11-30,Bookshelf,Furniture,East,277.71,56.42
2186,2024-12-01,Pen Set,Stationery,South,168.24,30.13
3636,2024-12-01,Sofa,Furniture,North,265.73,9.57
4000,2024-12-01,Wireless Mouse,Electronics,North,159.76,18.91
1006,2024-12-01,LED Monitor,Electronics,West,212.89,15.21
1086,2024-12-02,Sticky Notes,Stationery,West,269.9,65.25
3319,2024-12-02,Power Bank,Electronics,South,214.86,20.35
2334,2024-12-02,Bluetooth Speaker,Electronics,South,100.25,23.05
3469,2024-12-03,LED Monitor,Electronics,West,82.53,16.19
1074,2024-12-03,Sneakers,Clothing,North,225.88,10.28
3432,2024-12-03,Sticky Notes,Stationery,South,76.98,15.55
3640,2024-12-03,Whiteboard,Stationery,South,113.8,41.71
3785,2024-12-04,Sticky Notes,Stationery,North,247.45,59.24
2680,2024-12-04,LED Monitor,Electronics,West,87.79,-2.0
3737,2024-12-04,Study Table,Furniture,West,350.67,52.68
3045,2024-12-04,LED Monitor,Electronics,West,69.44,15.14
1705,2024-12-04,Sticky Notes,Stationery,North,107.46,38.96
1455,2024-12-04,Sofa,Furniture,East,244.37,39.09
1788,2024-12-04,Pen Set,Stationery,West,96.87,19.67
3902,2024-12-04,Study Table,Furniture,East,201.02,-1.95
2673,2024-12-05,Study Table,Furniture,North,148.76,0.48
2340,2024-12-05,Jeans,Clothing,South,105.87,18.74
2503,2024-12-05,Pen Set,Stationery,South,55.07,13.13
1301,2024-12-06,Sticky Notes,Stationery,North,107.57,27.14
2944,2024-12-07,Study Table,Furniture,South,98.14,6.3
2713,2024-12-07,Whiteboard,Stationery,West,70.7,3.8
2268,2024-12-07,Wireless Mouse,Electronics,East,419.19,53.23
3474,2024-12-08,Sneakers,Clothing,North,399.78,92.38
3243,2024-12-08,Sticky Notes,Stationery,West,123.97,28.31
3862,2024-12-08,Pen Set,Stationery,North,63.05,7.93
1717,2024-12-09,Study Table,Furniture,South,190.05,29.31
1743,2024-12-09,Jeans,Clothing,West,260.14,
3937,2024-12-09,T-Shirt,Clothing,West,70.44,12.58
2265,2024-12-09,Wireless Mouse,Electronics,South,147.34,31.67
2511,2024-12-10,Jeans,Clothing,north,101.71,33.92
2167,2024-12-10,Whiteboard,Stationery,East,216.25,52.85
1935,2024-12-10,Office Chair,Furniture,East,238.67,-2.58
3759,2024-12-10,Wireless Mouse,Electronics,East,155.18,10.5
2411,2024-12-10,Sticky Notes,Stationery,West,71.79,24.25
3776,2024-12-10,Pen Set,Stationery,West,202.63,53.15
1183,2024-12-10,LED Monitor,Electronics,South,91.34,19.84
1226,2024-12-10,Study Table,Furniture,West,203.96,33.54
2424,2024-12-11,T-Shirt,Clothing,North,112.29,23.06
2520,2024-12-11,Whiteboard,Stationery,South,227.72,58.05
3079,2024-12-11,Sticky Notes,Stationery,West,260.47,39.87
1253,2024-12-11,Bookshelf,Furniture,West,67.27,9.06
3252,2024-12-12,Office Chair,Furniture,East,313.0,-6.86
2104,2024-12-12,Office Chair,Furniture,South,186.71,60.22
2375,2024-12-13,Pen Set,Stationery,South,80.97,15.79
1749,2024-12-14,Bookshelf,Furniture,South,82.65,5.34
1895,2024-12-14,Bluetooth Speaker,Electronics,North,280.13,32.3
2800,2024-12-14,Power Bank,Electronics,North,152.11,21.18
2871,2024-12-14,Notebook Pack,Stationery,South,173.22,65.0
2282,2024-12-14,T-Shirt,Clothing,West,148.33,39.66
1635,2024-12-14,Bookshelf,Furniture,North,222.17,10.58
3503,2024-12-15,Jeans,Clothing,South,240.56,78.12
3117,2024-12-15,Sneakers,Clothing,South,251.6,19.09
1964,2024-12-15,Sneakers,Clothing,North,321.97,91.03
2826,2024-12-16,Sofa,Furniture,North,91.29,6.05
2683,2024-12-16,LED Monitor,Electronics,East,169.17,49.27
2768,2024-12-17,Notebook Pack,Stationery,East,143.39,45.15
1759,2024-12-17,LED Monitor,Electronics,West,233.26,23.84
1569,2024-12-18,Study Table,Furniture,East,360.52,66.51
2634,2024-12-18,Notebook Pack,Stationery,East,61.22,16.06
1867,2024-12-19,LED Monitor,Electronics,West,103.04,11.95
2969,2024-12-19,Pen Set,Stationery,East,506.07,148.54
1303,2024-12-20,Bluetooth Speaker,Electronics,North,234.91,5.01
3177,2024-12-20,Bluetooth Speaker,Electronics,South,321.25,84.24
1089,2024-12-20,Office Chair,Furniture,South,252.44,50.49
2288,2024-12-21,Jacket,Clothing,South,409.15,62.94
2769,2024-12-21,Power Bank,Electronics,North,89.58,12.05
2461,2024-12-22,Study Table,Furniture,East,97.97,24.43
2193,2024-12-23,Notebook Pack,Stationery,West,63.13,19.88
2864,2024-12-23,Sofa,Furniture,North,237.19,17.95
1974,2024-12-24,T-Shirt,Clothing,South,294.23,54.0
1709,2024-12-24,Sticky Notes,Stationery,West,192.47,55.87
3805,2024-12-25,Bluetooth Speaker,Electronics,South,239.33,27.28
3589,2024-12-25,Notebook Pack,Stationery,North,114.02,28.07
2878,2024-12-25,LED Monitor,Electronics,South,491.78,187.64
2023,2024-12-25,Jeans,Clothing,West,336.54,68.69
3075,2024-12-25,Jeans,Clothing,South,464.8,170.9
1088,2024-12-25,Notebook Pack,Stationery,North,228.28,64.82
2760,2024-12-26,Power Bank,Electronics,West,204.81,18.88
3166,2024-12-26,Wireless Mouse,Electronics,East,221.2,43.75
1871,2024-12-26,Notebook Pack,Stationery,East,186.75,82.25
3504,2024-12-26,Wireless Mouse,Electronics,South,436.98,97.94
3917,2024-12-26,Jeans,Clothing,West,97.44,21.24
2130,2024-12-26,Bookshelf,Furniture,East,115.83,17.61
1128,2024-12-26,Jeans,Clothing,South,108.34,29.54
1084,2024-12-27,LED Monitor,Electronics,South,162.46,40.36
2286,2024-12-27,Office Chair,Furniture,East,784.78,143.11
2307,2024-12-27,LED Monitor,Electronics,North,187.69,30.62
1519,2024-12-27,Bluetooth Speaker,Electronics,East,446.75,139.15
3260,2024-12-27,Office Chair,Furniture,West,162.87,5.13
1400,2024-12-27,Pen Set,Stationery,East,128.93,29.26
2539,2024-12-27,Pen Set,Stationery,East,307.64,67.96
2435,2024-12-27,Whiteboard,Stationery,West,147.65,17.16
2408,2024-12-27,Pen Set,Stationery,West,205.75,71.29
3716,2024-12-28,Bookshelf,Furniture,West,271.07,44.03
1125,2024-12-28,Pen Set,Stationery,South,219.52,55.0
1556,2024-12-29,T-Shirt,Clothing,North,241.26,56.62
2781,2024-12-29,Pen Set,Stationery,East,346.09,113.72
1534,2024-12-29,Sofa,Furniture,West,106.96,11.56
3818,2024-12-29,Power Bank,Electronics,East,356.01,84.47
1224,2024-12-30,Sofa,Furniture,West,607.55,157.49
1076,2024-12-30,Pen Set,Stationery,West,147.46,56.29
3853,2024-12-30,Bluetooth Speaker,Electronics,West,102.15,23.12
1848,2024-12-30,Jeans,Clothing,East,199.2,31.16
3446,2024-12-31,Jeans,Clothing,West,199.54,56.74
3670,2024-12-31,Notebook Pack,Stationery,East,207.97,41.3
2668,2024-12-31,T-Shirt,Clothing,South,374.74,62.27
2326,2024-12-31,Whiteboard,Stationery,South,526.86,222.0
